"country","device_id","UTC_datetime","UTC_date","UTC_time","Latitude","Longitude","hdop","satcount","U_bat_mV","Altitude_m","speed_km_h","direction_deg","temperature_C"
"IRE","HQC6262 Shitake",2025-08-19 22:00:59,2025-08-19,22:00:59,51.69615,-3.84495,1.8,5,3.62,234,0,0,18.38
"IRE","HQC6262 Shitake",2025-08-19 12:01:00,2025-08-19,12:01:00,51.69697,-3.84567,2.8,7,3.62,227,0,0,38.08
"IRE","HQC6262 Shitake",2025-08-18 22:01:00,2025-08-18,22:01:00,51.69568,-3.84607,0.9,9,3.62,222,0,0,26.32
"IRE","HQC6262 Shitake",2025-08-18 12:49:41,2025-08-18,12:49:41,51.69555,-3.84658,2.4,6,3.65,222,0,0,35.01
"IRE","HQC6262 Shitake",2025-08-18 06:00:55,2025-08-18,06:00:55,51.69511,-3.84788,0.9,12,3.67,210,0,0,24.8
"IRE","HQC6262 Shitake",2025-08-18 02:01:00,2025-08-18,02:01:00,51.69519,-3.84741,1.1,8,3.68,208,0,0,24.5
"IRE","HQC6262 Shitake",2025-08-17 22:00:27,2025-08-17,22:00:27,51.24709,-4.18706,2.5,7,3.69,82,39.3,20,22.3
"IRE","HQC6262 Shitake",2025-08-17 20:00:55,2025-08-17,20:00:55,51.60501,-4.10204,1,12,3.7,70,0,0,22.28
"IRE","HQC6262 Shitake",2025-08-17 12:00:56,2025-08-17,12:00:56,51.60543,-4.10398,2,8,3.63,74,0,0,39.07
"IRE","HQC6262 Shitake",2025-08-17 09:29:41,2025-08-17,09:29:41,51.60601,-4.10528,3.5,6,3.65,83,0,0,36.33
"IRE","HQC6262 Shitake",2025-08-16 13:00:55,2025-08-16,13:00:55,52.29443,-6.42037,0.9,12,3.58,6,0,0,30.48
"IRE","HQC6262 Shitake",2025-08-16 10:33:29,2025-08-16,10:33:29,52.29487,-6.4186,0.9,10,3.6,4,0,0,34.14
"IRE","HQC6262 Shitake",2025-08-15 14:04:56,2025-08-15,14:04:56,51.96691,-7.98457,4,8,3.62,87,0,0,37.53
"IRE","HQC6262 Shitake",2025-08-15 11:36:21,2025-08-15,11:36:21,51.96738,-7.98491,0.9,12,3.57,81,0,0,38.06
"IRE","HQC6262 Shitake",2025-08-14 13:33:11,2025-08-14,13:33:11,53.06487,-9.16441,0.9,10,3.58,185,0,0,39.57
"IRE","HQC6262 Shitake",2025-08-14 11:04:11,2025-08-14,11:04:11,53.06485,-9.16446,3.9,4,3.57,181,0,0,38.33
"IRE","HQC6262 Shitake",2025-08-14 09:33:55,2025-08-14,09:33:55,53.06477,-9.16433,1.2,11,3.64,180,0,0,30.64
"IRE","HQC6262 Shitake",2025-08-13 16:10:11,2025-08-13,16:10:11,54.2527,-9.99158,2.2,8,3.6,29,0,0,32.16
"IRE","HQC6262 Shitake",2025-08-12 14:41:03,2025-08-12,14:41:03,54.25256,-9.9917,1.1,8,3.59,27,0,0,35.67
"IRE","HQC6262 Shitake",2025-08-12 12:11:41,2025-08-12,12:11:41,54.25257,-9.99175,1.7,8,3.6,29,0,0,37.55
"IRE","HQC6262 Shitake",2025-08-11 17:25:42,2025-08-11,17:25:42,54.25422,-9.99295,1,11,3.6,23,0,0,30.32
"IRE","HQC6262 Shitake",2025-08-11 13:56:41,2025-08-11,13:56:41,54.25422,-9.99296,1,11,3.58,25,0,0,39.42
"IRE","HQC6262 Shitake",2025-08-11 11:28:12,2025-08-11,11:28:12,54.25422,-9.99294,1.9,6,3.56,20,0,0,29.33
"IRE","HQC6262 Shitake",2025-08-10 13:58:30,2025-08-10,13:58:30,54.25416,-9.99304,2.2,6,3.56,26,0,0,30.73
"IRE","HQC6262 Shitake",2025-08-09 14:30:06,2025-08-09,14:30:06,54.25413,-9.99316,1,10,3.58,22,0,0,27.54
"IRE","HQC6262 Shitake",2025-08-09 11:00:49,2025-08-09,11:00:49,54.25418,-9.9929,1.6,5,3.62,25,0,0,35.46
"IRE","HQC6262 Shitake",2025-08-09 08:29:25,2025-08-09,08:29:25,54.25421,-9.99288,0.9,11,3.56,20,0,0,31.2
"IRE","HQC6262 Shitake",2025-08-08 14:00:59,2025-08-08,14:00:59,54.25422,-9.99294,1.5,9,3.58,26,0,0,33.61
"IRE","HQC6262 Shitake",2025-08-08 11:59:00,2025-08-08,11:59:00,54.25428,-9.99286,2,8,3.57,24,0,0,32.13
"IRE","HQC6262 Shitake",2025-08-07 15:29:42,2025-08-07,15:29:42,54.25424,-9.99271,1.2,10,3.55,21,0,0,27.63
"IRE","HQC6262 Shitake",2025-08-07 12:00:31,2025-08-07,12:00:31,54.25415,-9.99253,3.7,5,3.61,17,0,0,24.07
"IRE","HQC6262 Shitake",2025-08-07 10:48:11,2025-08-07,10:48:11,54.25436,-9.99216,1.5,6,3.66,21,0,0,32.57
"IRE","HQC6262 Shitake",2025-08-07 08:19:41,2025-08-07,08:19:41,54.25416,-9.99177,1.3,7,3.55,22,0,0,22.3
"IRE","HQC6262 Shitake",2025-08-06 21:58:00,2025-08-06,21:58:00,54.2535,-9.9916,2.2,8,3.56,24,0,0,23
"IRE","HQC6262 Shitake",2025-08-06 19:30:11,2025-08-06,19:30:11,54.25349,-9.99162,1.3,8,3.58,25,0,0,21.93
"IRE","HQC6262 Shitake",2025-08-06 19:00:42,2025-08-06,19:00:42,54.2535,-9.9915,5.7,4,3.66,32,0,0,22.16
"IRE","HQC6262 Shitake",2025-08-06 18:00:27,2025-08-06,18:00:27,54.25333,-9.99113,3.7,5,3.73,46,0,0,25.86
"IRE","HQC6262 Shitake",2025-08-06 17:00:42,2025-08-06,17:00:42,54.2535,-9.99165,2.2,7,3.74,17,0,0,28.41
"IRE","HQC6262 Shitake",2025-08-06 16:00:28,2025-08-06,16:00:28,54.25359,-9.99199,2.3,8,3.75,9,0,0,31.73
"IRE","HQC6262 Shitake",2025-08-06 15:00:26,2025-08-06,15:00:26,54.25344,-9.99151,2.1,8,3.75,22,0,0,27.22
"IRE","HQC6262 Shitake",2025-08-06 14:00:56,2025-08-06,14:00:56,54.2534,-9.99155,1.1,11,3.78,18,0,0,29.02
"IRE","HQC6262 Shitake",2025-08-06 13:01:29,2025-08-06,13:01:29,54.25204,-9.992,1.7,5,3.79,27,0,0,24.66
"IRE","HQC6262 Shitake",2025-08-06 12:00:33,2025-08-06,12:00:33,54.25214,-9.99217,2.1,7,3.8,19,0,0,32.07
"IRE","HQC6262 Shitake",2025-08-06 11:00:27,2025-08-06,11:00:27,54.25199,-9.99222,1.3,9,3.79,28,0,0,35.87
"IRE","HQC6262 Shitake",2025-08-06 10:00:55,2025-08-06,10:00:55,54.25203,-9.9922,0.7,12,3.79,30,0,0,24.96
"IRE","HQC6262 Shitake",2025-08-06 09:00:34,2025-08-06,09:00:34,54.25205,-9.99225,1.2,6,3.79,30,0,0,19.92
"IRE","HQC6262 Shitake",2025-08-06 08:00:27,2025-08-06,08:00:27,54.26606,-10.01049,1.4,9,3.79,45,0,0,21.59
"IRE","HQC6262 Shitake",2025-08-06 07:00:56,2025-08-06,07:00:56,54.26607,-10.01054,1.1,10,3.79,46,0,0,17.31
"IRE","HQC6262 Shitake",2025-08-06 06:00:27,2025-08-06,06:00:27,54.26608,-10.01061,2.4,5,3.79,48,0,0,14.03
"IRE","HQC6262 Shitake",2025-08-06 05:00:28,2025-08-06,05:00:28,54.26609,-10.01067,2.1,7,3.8,33,0,0,11.28
"IRE","HQC6262 Shitake",2025-08-06 04:00:59,2025-08-06,04:00:59,54.26606,-10.01054,1.7,7,3.8,40,0,0,12.56
"IRE","HQC6262 Shitake",2025-08-06 03:00:27,2025-08-06,03:00:27,54.26608,-10.01051,1.7,9,3.81,48,0,0,13.1
"IRE","HQC6262 Shitake",2025-08-06 02:00:26,2025-08-06,02:00:26,54.26607,-10.01048,1.1,12,3.85,43,0,0,13.45
"IRE","HQC6262 Shitake",2025-08-06 01:00:56,2025-08-06,01:00:56,54.26609,-10.01059,1,12,3.86,49,0,0,13.5
"IRE","HQC6262 Shitake",2025-08-06 00:00:27,2025-08-06,00:00:27,54.26607,-10.01048,1.4,6,3.87,39,0,0,13.74
"IRE","HQC6262 Shitake",2025-08-05 23:00:42,2025-08-05,23:00:42,54.26607,-10.01051,1.1,7,3.87,48,0,0,13.73
"IRE","HQC6262 Shitake",2025-08-05 22:00:27,2025-08-05,22:00:27,54.26607,-10.01047,1.6,7,3.88,55,0,0,14.87
"IRE","HQC6262 Shitake",2025-08-05 21:00:26,2025-08-05,21:00:26,54.26605,-10.01046,1.3,11,3.89,45,0,0,15.35
"IRE","HQC6262 Shitake",2025-08-05 20:01:00,2025-08-05,20:01:00,54.26605,-10.01043,0.7,12,3.92,52,0,0,17.75
"IRE","HQC6262 Shitake",2025-08-05 19:00:42,2025-08-05,19:00:42,54.26603,-10.01049,2.8,4,3.93,55,0,0,20.54
"IRE","HQC6262 Shitake",2025-08-05 18:00:44,2025-08-05,18:00:44,54.26349,-10.0111,15.3,4,3.94,353,0,0,24.1
"IRE","HQC6262 Shitake",2025-08-05 17:00:42,2025-08-05,17:00:42,54.26607,-10.01047,1.8,5,3.95,43,0,0,28.49
"IRE","HQC6262 Shitake",2025-08-05 16:00:30,2025-08-05,16:00:30,54.25256,-9.99359,6,4,3.98,36,0,0,28.53
"IRE","HQC6259 Button",2025-10-06 20:00:55,2025-10-06,20:00:55,40.22378,0.77999,0.7,12,3.74,1503,69.3,179,17
"IRE","HQC6259 Button",2025-10-06 16:01:00,2025-10-06,16:01:00,41.13102,0.53611,0.9,11,3.74,235,0,0,36.13
"IRE","HQC6259 Button",2025-10-06 12:00:55,2025-10-06,12:00:55,41.13104,0.53615,1.7,10,3.74,236,0,0,43.1
"IRE","HQC6259 Button",2025-10-06 06:00:55,2025-10-06,06:00:55,41.13102,0.53612,1,12,3.66,229,0,0,18.7
"IRE","HQC6259 Button",2025-10-06 02:00:55,2025-10-06,02:00:55,42.51797,0.73727,0.6,12,3.7,2442,88.3,194,7.37
"IRE","HQC6259 Button",2025-10-05 22:00:55,2025-10-05,22:00:55,44.47071,0.94995,0.8,12,3.69,478,77.8,181,12.96
"IRE","HQC6259 Button",2025-10-05 16:00:59,2025-10-05,16:00:59,46.30565,1.17388,0.7,11,3.73,224,0,0,27.37
"IRE","HQC6259 Button",2025-10-05 12:00:55,2025-10-05,12:00:55,46.3057,1.17399,1.1,12,3.75,227,0,0,32.13
"IRE","HQC6259 Button",2025-10-05 02:00:55,2025-10-05,02:00:55,46.5977,1.25522,0.6,12,3.61,334,35.5,177,11.14
"IRE","HQC6259 Button",2025-10-04 22:00:55,2025-10-04,22:00:55,49.04329,-0.49301,0.8,12,3.65,644,86.5,143,10.13
"IRE","HQC6259 Button",2025-10-04 13:43:29,2025-10-04,13:43:29,51.08346,-2.90958,1.1,7,3.69,10,0,0,31.09
"IRE","HQC6259 Button",2025-10-01 16:55:11,2025-10-01,16:55:11,51.08338,-2.90869,1,6,3.64,11,0,0,27.37
"IRE","HQC6259 Button",2025-09-30 22:00:59,2025-09-30,22:00:59,51.08337,-2.90881,1.3,7,3.65,4,0,0,26.28
"IRE","HQC6259 Button",2025-09-30 12:38:41,2025-09-30,12:38:41,51.08327,-2.90808,1.2,8,3.67,11,0,0,37.19
"IRE","HQC6259 Button",2025-09-29 22:00:59,2025-09-29,22:00:59,51.08338,-2.90861,1.4,7,3.61,5,0,0,32.6
"IRE","HQC6259 Button",2025-09-29 11:38:59,2025-09-29,11:38:59,51.08343,-2.90841,1.7,8,3.67,18,0,0,30.74
"IRE","HQC6259 Button",2025-09-29 06:01:00,2025-09-29,06:01:00,51.08339,-2.90861,2.3,7,3.63,5,0,0,18.27
"IRE","HQC6259 Button",2025-09-29 02:00:28,2025-09-29,02:00:28,51.08342,-2.90854,2,8,3.67,6,0,0,18.54
"IRE","HQC6259 Button",2025-09-29 00:00:55,2025-09-29,00:00:55,51.08339,-2.90857,1.1,11,3.72,5,0,0,21.1
"IRE","HQC6259 Button",2025-09-28 20:01:12,2025-09-28,20:01:12,51.08338,-2.90858,1,12,3.74,5,0,0,33.21
"IRE","HQC6259 Button",2025-09-28 16:00:37,2025-09-28,16:00:37,51.08333,-2.90866,3,6,3.75,17,0,0,27.28
"IRE","HQC6259 Button",2025-09-28 14:19:00,2025-09-28,14:19:00,51.08332,-2.90865,1.6,7,3.75,0,0,0,31.45
"IRE","HQC6259 Button",2025-09-27 22:01:06,2025-09-27,22:01:06,51.08329,-2.90758,1.5,6,3.6,5,0,0,32.61
"IRE","HQC6259 Button",2025-09-27 16:28:41,2025-09-27,16:28:41,51.08313,-2.9076,1.5,7,3.65,11,0,0,27.79
"IRE","HQC6259 Button",2025-09-27 10:00:55,2025-09-27,10:00:55,51.08348,-2.90796,1.1,10,3.57,12,0,0,25.16
"IRE","HQC6259 Button",2025-09-26 22:01:06,2025-09-26,22:01:06,51.08339,-2.90857,1,9,3.59,6,0,0,33.57
"IRE","HQC6259 Button",2025-09-26 12:00:59,2025-09-26,12:00:59,51.08343,-2.90771,1.8,6,3.65,12,0,0,26.57
"IRE","HQC6259 Button",2025-09-25 14:44:06,2025-09-25,14:44:06,51.08379,-2.90907,0.8,12,3.65,14,0,0,33.04
"IRE","HQC6259 Button",2025-09-25 10:01:06,2025-09-25,10:01:06,51.08384,-2.90864,1,9,3.65,13,0,0,27
"IRE","HQC6259 Button",2025-09-24 22:00:55,2025-09-24,22:00:55,51.08378,-2.90879,0.7,12,3.67,6,0,0,20.57
"IRE","HQC6259 Button",2025-09-24 12:29:44,2025-09-24,12:29:44,51.08371,-2.9078,4.8,7,3.67,13,0,0,36.71
"IRE","HQC6259 Button",2025-09-23 22:01:00,2025-09-23,22:01:00,51.0834,-2.90859,2,7,3.64,3,0,0,33.7
"IRE","HQC6259 Button",2025-09-23 12:39:00,2025-09-23,12:39:00,51.08301,-2.90748,2.2,8,3.71,12,0,0,26.58
"IRE","HQC6259 Button",2025-09-23 02:00:55,2025-09-23,02:00:55,51.0834,-2.90858,0.7,12,3.62,4,0,0,17.78
"IRE","HQC6259 Button",2025-09-22 22:01:06,2025-09-22,22:01:06,51.0834,-2.90858,0.9,12,3.68,5,0,0,30.68
"IRE","HQC6259 Button",2025-09-22 12:00:37,2025-09-22,12:00:37,51.08329,-2.90962,3.4,6,3.66,19,0,0,33.78
"IRE","HQC6259 Button",2025-09-22 11:28:36,2025-09-22,11:28:36,51.08325,-2.90951,3.6,6,3.69,18,0,0,38.07
"IRE","HQC6259 Button",2025-09-22 02:00:59,2025-09-22,02:00:59,51.08339,-2.90857,1.4,7,3.58,5,0,0,32.2
"IRE","HQC6259 Button",2025-09-21 22:00:59,2025-09-21,22:00:59,51.08338,-2.90857,1.2,8,3.65,5,0,0,31.64
"IRE","HQC6259 Button",2025-09-21 13:25:42,2025-09-21,13:25:42,51.08331,-2.90905,1.5,9,3.67,9,0,0,24.92
"IRE","HQC6259 Button",2025-09-20 19:21:56,2025-09-20,19:21:56,51.08337,-2.90883,0.8,12,3.56,7,0,0,24.42
"IRE","HQC6259 Button",2025-09-20 13:43:41,2025-09-20,13:43:41,51.08326,-2.90944,2.5,7,3.63,11,0,0,22.84
"IRE","HQC6259 Button",2025-09-19 12:00:47,2025-09-19,12:00:47,51.08342,-2.90864,5,3,3.65,13,0,0,29.95
"IRE","HQC6259 Button",2025-09-19 10:52:11,2025-09-19,10:52:11,51.08335,-2.90873,4.4,4,3.67,19,0,0,32.92
"IRE","HQC6259 Button",2025-09-17 17:42:35,2025-09-17,17:42:35,51.08348,-2.90782,0.9,9,3.6,7,0,0,26.99
"IRE","HQC6259 Button",2025-09-17 12:00:28,2025-09-17,12:00:28,51.08352,-2.90776,3.7,6,3.59,7,0,0,26.53
"IRE","HQC6259 Button",2025-09-17 11:08:11,2025-09-17,11:08:11,51.08343,-2.90803,1.4,7,3.65,8,0,0,22.15
"IRE","HQC6259 Button",2025-09-16 16:27:26,2025-09-16,16:27:26,51.08343,-2.90857,1.1,10,3.65,7,0,0,25.22
"IRE","HQC6259 Button",2025-09-16 11:48:06,2025-09-16,11:48:06,51.08349,-2.90796,1.8,9,3.65,12,0,0,27.59
"IRE","HQC6259 Button",2025-09-16 02:01:00,2025-09-16,02:01:00,51.08338,-2.9077,1,9,3.64,3,0,0,32.18
"IRE","HQC6259 Button",2025-09-15 22:00:59,2025-09-15,22:00:59,51.08336,-2.90768,4.4,5,3.68,6,0,0,27.89
"IRE","HQC6259 Button",2025-09-15 12:15:11,2025-09-15,12:15:11,51.08369,-2.90814,1,8,3.73,9,0,0,25.25
"IRE","HQC6259 Button",2025-09-14 17:56:35,2025-09-14,17:56:35,51.08348,-2.90783,0.9,10,3.65,8,0,0,24.98
"IRE","HQC6259 Button",2025-09-14 14:18:36,2025-09-14,14:18:36,51.0836,-2.90765,1.8,8,3.65,6,0,0,24.42
"IRE","HQC6259 Button",2025-09-13 16:38:41,2025-09-13,16:38:41,51.08383,-2.90828,1.2,8,3.63,9,0,0,22.1
"IRE","HQC6259 Button",2025-09-13 12:00:56,2025-09-13,12:00:56,51.08379,-2.9089,1,11,3.6,10,0,0,35.57
"IRE","HQC6259 Button",2025-09-13 10:39:11,2025-09-13,10:39:11,51.0836,-2.90951,2,5,3.66,4,0,0,34.93
"IRE","HQC6259 Button",2025-09-13 06:00:55,2025-09-13,06:00:55,51.08373,-2.91012,1.1,11,3.64,4,0,0,21.86
"IRE","HQC6259 Button",2025-09-13 02:00:55,2025-09-13,02:00:55,50.99287,-2.78489,0.9,12,3.66,9,0,0,21.53
"IRE","HQC6259 Button",2025-09-12 22:00:59,2025-09-12,22:00:59,51.22752,-2.94986,1.3,9,3.68,94,38.2,154,14.32
"IRE","HQC6259 Button",2025-09-12 12:00:26,2025-09-12,12:00:26,51.60469,-4.05631,1,12,3.6,78,0,0,34.92
"IRE","HQC6259 Button",2025-09-12 11:30:00,2025-09-12,11:30:00,51.60474,-4.05639,1,11,3.67,80,0,0,30.71
"IRE","HQC6259 Button",2025-09-12 02:00:55,2025-09-12,02:00:55,51.6046,-4.05635,1,11,3.64,74,0,0,27.85
"IRE","HQC6259 Button",2025-09-11 22:01:21,2025-09-11,22:01:21,52.63004,-5.43331,1,12,3.65,58,55.1,142,14.42
"IRE","HQC6259 Button",2025-09-10 13:50:12,2025-09-10,13:50:12,54.25369,-8.78273,2.1,7,3.66,15,0,0,21.75
"IRE","HQC6259 Button",2025-09-09 15:30:33,2025-09-09,15:30:33,54.25372,-8.78282,2.6,8,3.65,14,0,0,24.84
"IRE","HQC6259 Button",2025-09-09 12:01:12,2025-09-09,12:01:12,54.2537,-8.78273,0.9,10,3.67,17,0,0,33.27
"IRE","HQC6259 Button",2025-09-08 09:31:00,2025-09-08,09:31:00,54.25377,-8.78281,1.1,9,3.6,17,0,0,26.67
"IRE","HQC6259 Button",2025-09-05 12:01:00,2025-09-05,12:01:00,54.25376,-8.78282,1.4,7,3.65,20,0,0,27.46
"IRE","HQC6259 Button",2025-09-05 10:01:06,2025-09-05,10:01:06,54.25377,-8.78278,6.1,4,3.65,17,0,0,23.68
"IRE","HQC6259 Button",2025-09-05 06:01:11,2025-09-05,06:01:11,54.25374,-8.78287,1.4,7,3.65,15,0,0,18.75
"IRE","HQC6259 Button",2025-09-05 02:01:00,2025-09-05,02:01:00,54.25375,-8.7827,1.9,6,3.65,16,0,0,25.87
"IRE","HQC6259 Button",2025-09-04 22:00:55,2025-09-04,22:00:55,54.25377,-8.78273,1,9,3.65,15,0,0,23.81
"IRE","HQC6259 Button",2025-09-04 12:00:34,2025-09-04,12:00:34,54.25374,-8.78282,1.2,7,3.71,19,0,0,28.07
"IRE","HQC6259 Button",2025-09-04 10:00:55,2025-09-04,10:00:55,54.25375,-8.78265,0.9,11,3.7,20,0,29,24.15
"IRE","HQC6259 Button",2025-09-04 06:00:59,2025-09-04,06:00:59,54.25389,-8.78161,0.8,12,3.65,21,0,0,22.12
"IRE","HQC6259 Button",2025-09-04 02:00:55,2025-09-04,02:00:55,54.25389,-8.78156,0.8,12,3.66,18,0,0,21.28
"IRE","HQC6259 Button",2025-09-03 22:00:55,2025-09-03,22:00:55,54.05734,-9.22225,0.7,12,3.67,222,60,120,14.14
"IRE","HQC6259 Button",2025-09-03 14:00:59,2025-09-03,14:00:59,54.22338,-9.82183,1.2,10,3.68,48,0,0,26.99
"IRE","HQC6259 Button",2025-09-03 13:00:27,2025-09-03,13:00:27,54.22344,-9.82177,3.1,6,3.67,72,0,0,29.25
"IRE","HQC6259 Button",2025-09-03 12:00:28,2025-09-03,12:00:28,54.22355,-9.82158,1,11,3.67,46,0,0,38.46
"IRE","HQC6259 Button",2025-09-03 10:43:41,2025-09-03,10:43:41,54.22351,-9.82164,0.8,12,3.59,47,0,0,25.78
"IRE","HQC6259 Button",2025-09-02 12:12:00,2025-09-02,12:12:00,54.25363,-9.99304,3.4,7,3.59,29,0,0,24.29
"IRE","HQC6259 Button",2025-09-02 10:50:05,2025-09-02,10:50:05,54.25351,-9.99314,1.4,6,3.58,30,0,0,32.65
"IRE","HQC6259 Button",2025-08-31 16:29:29,2025-08-31,16:29:29,54.25351,-9.99305,1.2,6,3.61,30,0,0,27.45
"IRE","HQC6259 Button",2025-08-31 12:01:12,2025-08-31,12:01:12,54.25351,-9.99339,1.9,6,3.64,33,0,0,27.66
"IRE","HQC6259 Button",2025-08-30 16:58:05,2025-08-30,16:58:05,54.25355,-9.99267,2.1,9,3.63,30,0,0,24.44
"IRE","HQC6259 Button",2025-08-30 13:26:03,2025-08-30,13:26:03,54.25286,-9.99267,1.3,9,3.64,35,0,0,26.3
"IRE","HQC6259 Button",2025-08-29 16:58:41,2025-08-29,16:58:41,54.25355,-9.99313,1,10,3.56,33,0,0,29.59
"IRE","HQC6259 Button",2025-08-29 14:27:12,2025-08-29,14:27:12,54.25353,-9.99321,3.3,5,3.58,25,0,0,30.08
"IRE","HQC6259 Button",2025-08-29 10:54:41,2025-08-29,10:54:41,54.2535,-9.99346,4.6,4,3.6,29,0,0,28.95
"IRE","HQC6259 Button",2025-08-28 16:33:01,2025-08-28,16:33:01,54.25346,-9.99319,3,10,3.57,27,0,0,27.01
"IRE","HQC6259 Button",2025-08-28 14:00:35,2025-08-28,14:00:35,54.25352,-9.99319,1.2,6,3.61,33,0,0,29.28
"IRE","HQC6259 Button",2025-08-28 12:00:59,2025-08-28,12:00:59,54.25351,-9.99321,1.8,7,3.57,30,0,0,28.46
"IRE","HQC6259 Button",2025-08-27 15:00:55,2025-08-27,15:00:55,54.25349,-9.99318,1.5,9,3.59,30,0,0,24.74
"IRE","HQC6259 Button",2025-08-27 12:13:01,2025-08-27,12:13:01,54.25341,-9.99329,1.5,9,3.59,30,0,0,24.35
"IRE","HQC6259 Button",2025-08-26 16:39:41,2025-08-26,16:39:41,54.25349,-9.99316,2.7,5,3.62,28,0,0,27.55
"IRE","HQC6259 Button",2025-08-25 19:00:55,2025-08-25,19:00:55,54.25362,-9.99256,0.8,12,3.56,26,0,0,28.62
"IRE","HQC6259 Button",2025-08-25 14:57:11,2025-08-25,14:57:11,54.25342,-9.99316,3,5,3.65,24,0,0,32.07
"IRE","HQC6259 Button",2025-08-24 15:28:29,2025-08-24,15:28:29,54.25346,-9.99317,2,5,3.65,30,0,0,30.85
"IRE","HQC6259 Button",2025-08-24 12:00:55,2025-08-24,12:00:55,54.25346,-9.99318,0.7,12,3.57,35,0,0,31.61
"IRE","HQC6259 Button",2025-08-24 09:59:00,2025-08-24,09:59:00,54.25314,-9.9929,1,10,3.65,31,0,0,27.32
"IRE","HQC6259 Button",2025-08-23 14:09:11,2025-08-23,14:09:11,54.25257,-9.99183,2.7,5,3.55,32,0,0,31.66
"IRE","HQC6259 Button",2025-08-22 10:51:12,2025-08-22,10:51:12,54.252,-9.99133,2,6,3.6,28,0,0,32.7
"IRE","HQC6259 Button",2025-08-21 09:19:11,2025-08-21,09:19:11,54.25272,-9.99195,2.4,7,3.6,30,0,0,27.63
"IRE","HQC6259 Button",2025-08-19 14:01:00,2025-08-19,14:01:00,54.25367,-9.99205,4,7,3.57,26,0,0,31.9
"IRE","HQC6259 Button",2025-08-18 09:30:00,2025-08-18,09:30:00,54.25338,-9.99393,1.8,6,3.59,23,0,0,34.16
"IRE","HQC6259 Button",2025-08-17 13:00:38,2025-08-17,13:00:38,54.25357,-9.99308,4.4,5,3.65,30,0,0,33.96
"IRE","HQC6259 Button",2025-08-17 11:15:55,2025-08-17,11:15:55,54.25322,-9.99254,2.2,7,3.55,39,0,0,33.55
"IRE","HQC6259 Button",2025-08-16 11:47:12,2025-08-16,11:47:12,54.25317,-9.99409,2.8,9,3.58,28,0,0,31.79
"IRE","HQC6259 Button",2025-08-15 15:29:27,2025-08-15,15:29:27,54.25343,-9.99319,2.5,8,3.57,24,0,0,30.96
"IRE","HQC6259 Button",2025-08-15 13:01:06,2025-08-15,13:01:06,54.25338,-9.99336,1.3,6,3.6,28,0,0,43.17
"IRE","HQC6259 Button",2025-08-15 09:05:56,2025-08-15,09:05:56,54.25375,-9.99335,4.8,6,3.64,22,0,0,32.53
"IRE","HQC6259 Button",2025-08-14 18:19:06,2025-08-14,18:19:06,54.25372,-9.99267,1.1,8,3.55,20,0,0,27.9
"IRE","HQC6259 Button",2025-08-14 14:00:31,2025-08-14,14:00:31,54.2539,-9.99357,16.6,5,3.61,52,0,0,33.72
"IRE","HQC6259 Button",2025-08-14 12:01:20,2025-08-14,12:01:20,54.25378,-9.9932,2.7,8,3.59,25,0,0,33.71
"IRE","HQC6259 Button",2025-08-14 08:02:41,2025-08-14,08:02:41,54.25352,-9.9925,2.3,5,3.57,25,0,0,26.78
"IRE","HQC6259 Button",2025-08-13 16:34:11,2025-08-13,16:34:11,54.25352,-9.99253,7.5,6,3.65,30,0,0,36.26
"IRE","HQC6259 Button",2025-08-13 14:16:11,2025-08-13,14:16:11,54.25381,-9.9932,2,6,3.59,24,0,0,32.17
"IRE","HQC6259 Button",2025-08-13 09:58:01,2025-08-13,09:58:01,54.25377,-9.9932,1,11,3.58,27,0,0,33.03
"IRE","HQC6259 Button",2025-08-12 15:29:36,2025-08-12,15:29:36,54.25362,-9.99291,0.9,12,3.61,25,0,0,45.96
"IRE","HQC6259 Button",2025-08-12 14:00:28,2025-08-12,14:00:28,54.25372,-9.99245,1.1,9,3.65,24,0,0,37.64
"IRE","HQC6259 Button",2025-08-12 13:00:55,2025-08-12,13:00:55,54.25367,-9.99185,0.9,11,3.62,26,0,304,37.3
"IRE","HQC6259 Button",2025-08-12 12:00:37,2025-08-12,12:00:37,54.25386,-9.9927,7,4,3.58,19,0,0,53.56
"IRE","HQC6259 Button",2025-08-12 10:08:41,2025-08-12,10:08:41,54.25389,-9.99329,1.3,7,3.61,26,0,0,36.25
"IRE","HQC6259 Button",2025-08-11 20:00:55,2025-08-11,20:00:55,54.25384,-9.99286,1.2,10,3.55,19,0,0,27.54
"IRE","HQC6259 Button",2025-08-11 16:01:00,2025-08-11,16:01:00,54.25379,-9.99328,1.3,9,3.61,21,0,0,37.12
"IRE","HQC6259 Button",2025-08-11 14:29:11,2025-08-11,14:29:11,54.25377,-9.99322,2.9,4,3.62,19,0,0,34.27
"IRE","HQC6259 Button",2025-08-11 13:01:00,2025-08-11,13:01:00,54.25381,-9.99325,2.8,4,3.6,21,0,0,35.39
"IRE","HQC6259 Button",2025-08-11 12:00:33,2025-08-11,12:00:33,54.25382,-9.9932,3.1,6,3.55,27,0,0,36.01
"IRE","HQC6259 Button",2025-08-11 10:17:35,2025-08-11,10:17:35,54.25382,-9.99301,1.5,8,3.64,27,0,0,26.29
"IRE","HQC6259 Button",2025-08-10 16:46:05,2025-08-10,16:46:05,54.2538,-9.99318,1.2,8,3.6,25,0,0,24.13
"IRE","HQC6259 Button",2025-08-10 13:14:11,2025-08-10,13:14:11,54.25388,-9.99264,1.5,8,3.59,25,0,0,29.75
"IRE","HQC6259 Button",2025-08-10 11:46:41,2025-08-10,11:46:41,54.25408,-9.99208,1.9,5,3.57,24,0,0,34.5
"IRE","HQC6259 Button",2025-08-10 10:15:25,2025-08-10,10:15:25,54.2538,-9.99322,1.5,9,3.57,28,0,0,29.79
"IRE","HQC6259 Button",2025-08-09 16:48:04,2025-08-09,16:48:04,54.25383,-9.99326,1,10,3.59,25,0,0,29.44
"IRE","HQC6259 Button",2025-08-09 12:29:36,2025-08-09,12:29:36,54.2538,-9.99317,1.5,9,3.65,26,0,0,31.64
"IRE","HQC6259 Button",2025-08-09 11:01:00,2025-08-09,11:01:00,54.25385,-9.99286,1,9,3.64,21,0,0,37.9
"IRE","HQC6259 Button",2025-08-09 08:22:43,2025-08-09,08:22:43,54.25387,-9.99327,9.4,5,3.59,28,1.6,0,27.04
"IRE","HQC6259 Button",2025-08-08 17:01:10,2025-08-08,17:01:10,54.25361,-9.99308,1.3,10,3.56,24,0,0,27.49
"IRE","HQC6259 Button",2025-08-08 14:00:28,2025-08-08,14:00:28,54.25387,-9.99331,1.3,10,3.65,33,0,0,32.07
"IRE","HQC6259 Button",2025-08-08 13:00:34,2025-08-08,13:00:34,54.25386,-9.99231,1,12,3.63,31,0,0,34.22
"IRE","HQC6259 Button",2025-08-08 12:10:25,2025-08-08,12:10:25,54.25299,-9.99155,1.2,12,3.57,34,0,0,30.81
"IRE","HQC6259 Button",2025-08-08 09:53:11,2025-08-08,09:53:11,54.25272,-9.99183,1.4,6,3.59,32,0,0,26.37
"IRE","HQC6259 Button",2025-08-07 18:22:05,2025-08-07,18:22:05,54.2531,-9.99179,0.8,12,3.61,31,0,0,28.75
"IRE","HQC6259 Button",2025-08-07 16:01:00,2025-08-07,16:01:00,54.25323,-9.99175,1,11,3.56,28,0,0,30.54
"IRE","HQC6259 Button",2025-08-07 15:00:27,2025-08-07,15:00:27,54.25317,-9.99172,1.3,6,3.55,6,0,0,31.68
"IRE","HQC6259 Button",2025-08-07 14:00:29,2025-08-07,14:00:29,54.25301,-9.99151,1.3,6,3.57,32,0,96,37.13
"IRE","HQC6259 Button",2025-08-07 13:47:35,2025-08-07,13:47:35,54.25293,-9.99143,1.5,6,3.62,31,0,0,32.89
"IRE","HQC6259 Button",2025-08-07 11:17:41,2025-08-07,11:17:41,54.25257,-9.99167,1.2,8,3.66,30,0,0,32.27
"IRE","HQC6259 Button",2025-08-07 09:56:30,2025-08-07,09:56:30,54.25258,-9.99168,1.2,8,3.63,32,0,0,26.62
"IRE","HQC6259 Button",2025-08-07 08:27:50,2025-08-07,08:27:50,54.25239,-9.99175,1.1,12,3.57,31,0,0,23.02
"IRE","HQC6259 Button",2025-08-07 00:37:35,2025-08-07,00:37:35,54.25216,-9.99158,3.2,7,3.55,21,0,0,21.86
"IRE","HQC6259 Button",2025-08-06 20:20:41,2025-08-06,20:20:41,54.25217,-9.99158,1.1,7,3.58,28,0,0,22.88
"IRE","HQC6259 Button",2025-08-06 19:00:27,2025-08-06,19:00:27,54.25184,-9.99143,2.3,7,3.66,30,0,0,22.46
"IRE","HQC6259 Button",2025-08-06 18:00:27,2025-08-06,18:00:27,54.25189,-9.99159,1.7,9,3.69,32,0,0,25.1
"IRE","HQC6259 Button",2025-08-06 17:00:56,2025-08-06,17:00:56,54.25192,-9.99156,1.2,10,3.72,27,0,0,25.96
"IRE","HQC6259 Button",2025-08-06 16:00:28,2025-08-06,16:00:28,54.25194,-9.99153,2,6,3.74,31,0,0,28.14
"IRE","HQC6259 Button",2025-08-06 15:00:34,2025-08-06,15:00:34,54.25192,-9.99162,1.3,8,3.74,29,0,0,24.5
"IRE","HQC6259 Button",2025-08-06 14:01:06,2025-08-06,14:01:06,54.25191,-9.99162,1.2,8,3.76,29,0,0,25.47
"IRE","HQC6259 Button",2025-08-06 13:00:26,2025-08-06,13:00:26,54.2519,-9.99163,1.7,7,3.82,27,0,0,21.27
"IRE","HQC6259 Button",2025-08-06 12:00:28,2025-08-06,12:00:28,54.252,-9.99203,1.2,7,3.83,29,2.2,121,27.21
"IRE","HQC6259 Button",2025-08-06 11:37:41,2025-08-06,11:37:41,54.25206,-9.99213,1.1,7,3.82,31,0,0,23.68
"IRE","HQC6259 Button",2025-08-06 11:00:27,2025-08-06,11:00:27,54.25218,-9.99231,1.9,6,3.84,15,0,0,35.13
"IRE","HQC6259 Button",2025-08-06 10:01:00,2025-08-06,10:01:00,54.25204,-9.99221,0.8,9,3.85,27,0,0,25.26
"IRE","HQC6259 Button",2025-08-06 09:00:35,2025-08-06,09:00:35,54.25185,-9.99203,3.3,4,3.88,8,0,0,20.53
"IRE","HQC6259 Button",2025-08-06 08:00:41,2025-08-06,08:00:41,54.26605,-10.01044,3.2,4,3.89,41,0,0,21.87
"IRE","HQC6259 Button",2025-08-06 07:00:27,2025-08-06,07:00:27,54.26608,-10.01048,3.6,4,3.88,48,0,0,17.37
"IRE","HQC6259 Button",2025-08-06 06:00:28,2025-08-06,06:00:28,54.26607,-10.01045,1.5,10,3.88,46,0,0,14.01
"IRE","HQC6259 Button",2025-08-06 05:00:27,2025-08-06,05:00:27,54.26608,-10.01051,1,12,3.89,46,0,0,10.89
"IRE","HQC6259 Button",2025-08-06 04:00:55,2025-08-06,04:00:55,54.26609,-10.01049,0.8,12,3.92,51,0,0,12.3
"IRE","HQC6259 Button",2025-08-06 03:00:26,2025-08-06,03:00:26,54.26605,-10.01037,2.6,8,3.9,50,0,0,12.92
"IRE","HQC6259 Button",2025-08-06 02:00:27,2025-08-06,02:00:27,54.26606,-10.01049,1.2,10,3.92,42,0,0,13.28
"IRE","HQC6259 Button",2025-08-06 01:00:56,2025-08-06,01:00:56,54.26606,-10.01046,0.8,12,3.93,49,0,0,13.31
"IRE","HQC6259 Button",2025-08-06 00:00:27,2025-08-06,00:00:27,54.26612,-10.01055,1.4,6,3.94,24,0,0,13.54
"IRE","HQC6259 Button",2025-08-05 23:00:59,2025-08-05,23:00:59,54.26607,-10.01048,1.1,9,3.94,45,0,0,13.45
"IRE","HQC6259 Button",2025-08-05 22:00:41,2025-08-05,22:00:41,54.26601,-10.01048,2.3,4,3.95,40,0,0,14.58
"IRE","HQC6259 Button",2025-08-05 21:00:27,2025-08-05,21:00:27,54.26595,-10.01028,1.6,4,3.96,24,0,0,14.89
"IRE","HQC6259 Button",2025-08-05 20:00:27,2025-08-05,20:00:27,54.26596,-10.01038,1,11,3.97,28,0,0,17.18
"IRE","HQC6259 Button",2025-08-05 19:00:25,2025-08-05,19:00:25,54.26599,-10.01036,1.3,7,3.98,38,0,0,20.12
"IRE","HQC6259 Button",2025-08-05 18:00:55,2025-08-05,18:00:55,54.26606,-10.0105,0.6,12,3.99,44,0,0,23.6
"IRE","HQC6259 Button",2025-08-05 17:00:32,2025-08-05,17:00:32,54.26597,-10.0103,2.8,5,4,47,0,0,27.85
"IRE","HQC6259 Button",2025-08-05 16:00:29,2025-08-05,16:00:29,54.25244,-9.99341,1.6,7,4.02,17,0,0,28.06
"IRE","HQC6261 Toad",2025-10-03 17:17:12,2025-10-03,17:17:12,44.45164,2.30213,12.9,5,3.68,500,0,0,15.03
"IRE","HQC6261 Toad",2025-09-29 17:58:05,2025-09-29,17:58:05,46.98383,2.79245,0.9,9,3.66,189,0,0,24.47
"IRE","HQC6261 Toad",2025-09-29 10:01:00,2025-09-29,10:01:00,46.98493,2.79223,1.7,8,3.64,184,0,0,29.8
"IRE","HQC6261 Toad",2025-09-28 13:59:11,2025-09-28,13:59:11,46.98479,2.79267,1.1,9,3.68,188,0,0,28.97
"IRE","HQC6261 Toad",2025-09-27 12:01:12,2025-09-27,12:01:12,46.98463,2.79251,1,11,3.68,186,0,0,27.49
"IRE","HQC6261 Toad",2025-09-25 15:58:44,2025-09-25,15:58:44,46.98503,2.79071,3.8,4,3.67,185,0,0,22.67
"IRE","HQC6261 Toad",2025-09-24 06:00:59,2025-09-24,06:00:59,46.98406,2.79013,0.9,11,3.67,181,0,0,22.06
"IRE","HQC6261 Toad",2025-09-24 02:00:55,2025-09-24,02:00:55,46.9498,2.79775,0.5,12,3.67,216,0,0,24.2
"IRE","HQC6261 Toad",2025-09-23 22:00:55,2025-09-23,22:00:55,46.94979,2.79777,0.8,12,3.68,216,0,0,24.7
"IRE","HQC6261 Toad",2025-09-23 12:00:28,2025-09-23,12:00:28,47.07779,2.33849,1.1,9,3.7,145,0,0,24.89
"IRE","HQC6261 Toad",2025-09-23 10:00:55,2025-09-23,10:00:55,47.07804,2.33831,0.7,12,3.69,145,0,0,22.53
"IRE","HQC6261 Toad",2025-09-23 06:00:55,2025-09-23,06:00:55,47.07783,2.33841,0.6,12,3.67,139,0,0,18.81
"IRE","HQC6261 Toad",2025-09-23 02:00:55,2025-09-23,02:00:55,47.12735,2.2857,0.7,12,3.68,211,69.1,142,10.17
"IRE","HQC6261 Toad",2025-09-22 22:01:00,2025-09-22,22:01:00,47.79333,2.1287,1,11,3.69,131,0,0,17.3
"IRE","HQC6261 Toad",2025-09-22 12:00:56,2025-09-22,12:00:56,47.82799,2.11601,0.9,11,3.68,111,0,0,39.71
"IRE","HQC6261 Toad",2025-09-22 10:00:59,2025-09-22,10:00:59,47.8281,2.11503,1.9,5,3.65,105,0,0,30.43
"IRE","HQC6261 Toad",2025-09-21 22:01:00,2025-09-21,22:01:00,48.5804,2.32765,0.8,11,3.67,79,0,0,20.87
"IRE","HQC6261 Toad",2025-09-21 12:00:36,2025-09-21,12:00:36,50.39929,2.2293,3.1,5,3.65,138,0,0,25.99
"IRE","HQC6261 Toad",2025-09-21 10:00:59,2025-09-21,10:00:59,50.39956,2.22883,2.3,6,3.65,135,0,0,28.37
"IRE","HQC6261 Toad",2025-09-21 02:00:55,2025-09-21,02:00:55,50.39907,2.22981,0.7,12,3.67,130,0,0,24.1
"IRE","HQC6261 Toad",2025-09-20 22:01:00,2025-09-20,22:01:00,50.39908,2.2298,1,9,3.67,133,0,0,26.17
"IRE","HQC6261 Toad",2025-09-20 10:00:59,2025-09-20,10:00:59,50.39927,2.22918,1.7,7,3.67,134,0,0,22.57
"IRE","HQC6261 Toad",2025-09-20 06:00:55,2025-09-20,06:00:55,50.39933,2.22903,0.9,12,3.67,131,0,0,24
"IRE","HQC6261 Toad",2025-09-20 02:00:55,2025-09-20,02:00:55,50.54375,1.31215,0.7,12,3.67,211,53,138,20.53
"IRE","HQC6261 Toad",2025-09-19 22:00:55,2025-09-19,22:00:55,50.42649,-2.37535,1.1,12,3.68,119,64.9,87,18.51
"IRE","HQC6261 Toad",2025-09-19 12:00:28,2025-09-19,12:00:28,50.47345,-3.6372,1.7,5,3.68,47,0,0,29.07
"IRE","HQC6261 Toad",2025-09-19 10:00:59,2025-09-19,10:00:59,50.47355,-3.6373,2.7,7,3.67,50,0,0,37.37
"IRE","HQC6261 Toad",2025-09-18 22:00:55,2025-09-18,22:00:55,50.47379,-3.63758,1,12,3.67,37,0,0,27.94
"IRE","HQC6261 Toad",2025-09-18 12:00:55,2025-09-18,12:00:55,50.47353,-3.63669,1.2,10,3.67,45,0,0,29.13
"IRE","HQC6261 Toad",2025-09-17 22:00:59,2025-09-17,22:00:59,50.47364,-3.63764,1.1,12,3.67,37,0,0,27.09
"IRE","HQC6261 Toad",2025-09-17 10:00:55,2025-09-17,10:00:55,50.47335,-3.63723,0.8,12,3.65,44,0,0,28.71
"IRE","HQC6261 Toad",2025-09-16 22:00:55,2025-09-16,22:00:55,50.71085,-3.38425,0.8,12,3.65,140,38.3,166,14.76
"IRE","HQC6261 Toad",2025-09-16 12:00:44,2025-09-16,12:00:44,51.40911,-3.17329,2.5,5,3.67,48,2.2,0,32.07
"IRE","HQC6261 Toad",2025-09-16 10:01:00,2025-09-16,10:01:00,51.40881,-3.17313,1.8,8,3.68,34,0,0,33.93
"IRE","HQC6261 Toad",2025-09-15 22:00:55,2025-09-15,22:00:55,53.19598,-8.17666,0.8,12,3.67,690,98.8,124,10.96
"IRE","HQC6261 Toad",2025-09-13 12:55:05,2025-09-13,12:55:05,54.25066,-9.99115,0.9,11,3.69,14,0,0,27.4
"IRE","HQC6261 Toad",2025-09-11 16:58:06,2025-09-11,16:58:06,54.25168,-9.99091,1,10,3.68,25,0,0,26.6
"IRE","HQC6261 Toad",2025-09-11 12:00:32,2025-09-11,12:00:32,54.25182,-9.99087,1.6,7,3.67,27,0,0,26.28
"IRE","HQC6261 Toad",2025-09-11 10:00:55,2025-09-11,10:00:55,54.25186,-9.99083,1.3,11,3.65,19,0,0,23.11
"IRE","HQC6261 Toad",2025-09-11 06:00:59,2025-09-11,06:00:59,54.25172,-9.99139,2,7,3.65,19,0,0,20.98
"IRE","HQC6261 Toad",2025-09-11 02:00:55,2025-09-11,02:00:55,54.25165,-9.9914,0.7,12,3.66,22,0,0,24.16
"IRE","HQC6261 Toad",2025-09-10 22:00:59,2025-09-10,22:00:59,54.25164,-9.99144,1.1,7,3.67,18,0,0,22.2
"IRE","HQC6261 Toad",2025-09-10 12:00:55,2025-09-10,12:00:55,54.2517,-9.99103,4.7,4,3.71,23,0,0,25.38
"IRE","HQC6261 Toad",2025-09-10 10:00:59,2025-09-10,10:00:59,54.25165,-9.99106,6.8,5,3.71,22,0,0,24.69
"IRE","HQC6261 Toad",2025-09-10 06:00:59,2025-09-10,06:00:59,54.25173,-9.99102,1,9,3.71,20,0,0,21.82
"IRE","HQC6261 Toad",2025-09-10 02:00:59,2025-09-10,02:00:59,54.25191,-9.99107,1.7,7,3.73,25,0,0,24.68
"IRE","HQC6261 Toad",2025-09-09 22:01:00,2025-09-09,22:01:00,54.2519,-9.99105,1.4,11,3.74,21,0,0,27.69
"IRE","HQC6261 Toad",2025-09-09 12:00:26,2025-09-09,12:00:26,54.2505,-9.99109,2,6,3.75,4,0,0,29.03
"IRE","HQC6261 Toad",2025-09-09 10:00:59,2025-09-09,10:00:59,54.25167,-9.99081,2.1,7,3.73,16,0,0,26.61
"IRE","HQC6261 Toad",2025-09-09 06:01:01,2025-09-09,06:01:01,54.25151,-9.99072,1.2,7,3.7,18,0,0,22.12
"IRE","HQC6261 Toad",2025-09-09 02:01:00,2025-09-09,02:01:00,54.25154,-9.99071,1,10,3.71,17,0,0,22.17
"IRE","HQC6261 Toad",2025-09-08 22:00:59,2025-09-08,22:00:59,54.25155,-9.99073,2.8,6,3.72,17,0,0,23.29
"IRE","HQC6261 Toad",2025-09-08 12:00:27,2025-09-08,12:00:27,54.25175,-9.99113,2.4,6,3.76,37,1.7,0,24.53
"IRE","HQC6261 Toad",2025-09-08 10:00:59,2025-09-08,10:00:59,54.2519,-9.99087,1.9,7,3.76,19,0,0,27.21
"IRE","HQC6261 Toad",2025-09-08 06:01:00,2025-09-08,06:01:00,54.25175,-9.9909,0.9,10,3.76,20,0,0,24.57
"IRE","HQC6261 Toad",2025-09-08 02:00:59,2025-09-08,02:00:59,54.25179,-9.99079,1.3,7,3.75,18,0,0,24.9
"IRE","HQC6261 Toad",2025-09-07 22:00:59,2025-09-07,22:00:59,54.25178,-9.99078,1.8,7,3.76,19,0,0,24.47
"IRE","HQC6261 Toad",2025-09-07 12:00:30,2025-09-07,12:00:30,54.25068,-9.99112,2.8,5,3.77,12,0,0,30.17
"IRE","HQC6261 Toad",2025-09-07 10:00:59,2025-09-07,10:00:59,54.25177,-9.9909,1.6,6,3.75,19,0,0,25.37
"IRE","HQC6261 Toad",2025-09-07 06:00:59,2025-09-07,06:00:59,54.25171,-9.99134,1.1,6,3.76,20,0,0,23.67
"IRE","HQC6261 Toad",2025-09-07 02:00:55,2025-09-07,02:00:55,54.25185,-9.99148,0.9,12,3.76,22,0,0,26.64
"IRE","HQC6261 Toad",2025-09-06 22:00:59,2025-09-06,22:00:59,54.25184,-9.9915,0.9,10,3.76,21,0,0,23.32
"IRE","HQC6261 Toad",2025-09-06 12:00:33,2025-09-06,12:00:33,54.25177,-9.99136,4.4,5,3.77,28,0,0,26.33
"IRE","HQC6261 Toad",2025-09-06 10:00:59,2025-09-06,10:00:59,54.25195,-9.99173,2.5,6,3.77,27,0,0,27.57
"IRE","HQC6261 Toad",2025-09-06 06:00:56,2025-09-06,06:00:56,54.25188,-9.99152,0.8,12,3.77,23,0,0,21.94
"IRE","HQC6261 Toad",2025-09-06 02:00:55,2025-09-06,02:00:55,54.25184,-9.9915,0.7,12,3.77,24,0,0,23.67
"IRE","HQC6261 Toad",2025-09-05 22:00:59,2025-09-05,22:00:59,54.25185,-9.99151,1.4,8,3.77,22,0,0,25.75
"IRE","HQC6261 Toad",2025-09-05 12:01:06,2025-09-05,12:01:06,54.2517,-9.99137,1,9,3.79,21,0,0,28.09
"IRE","HQC6261 Toad",2025-09-05 08:00:59,2025-09-05,08:00:59,54.25169,-9.99108,1.6,9,3.79,21,0,0,25.77
"IRE","HQC6261 Toad",2025-09-05 04:00:59,2025-09-05,04:00:59,54.25159,-9.99101,1,9,3.79,19,0,0,23.1
"IRE","HQC6261 Toad",2025-09-05 00:00:59,2025-09-05,00:00:59,54.25158,-9.99104,1,9,3.8,21,0,0,22.8
"IRE","HQC6261 Toad",2025-09-04 20:01:05,2025-09-04,20:01:05,54.25158,-9.99102,1.5,7,3.8,19,0,0,21.91
"IRE","HQC6261 Toad",2025-09-04 16:01:00,2025-09-04,16:01:00,54.25146,-9.99067,4,6,3.85,20,0,0,25.42
"IRE","HQC6261 Toad",2025-09-04 12:00:59,2025-09-04,12:00:59,54.25127,-9.9909,1.8,8,3.8,14,0,0,32.72
"IRE","HQC6261 Toad",2025-09-04 06:01:00,2025-09-04,06:01:00,54.25148,-9.99098,1.1,10,3.77,18,0,0,20.14
"IRE","HQC6261 Toad",2025-09-04 02:00:55,2025-09-04,02:00:55,54.25142,-9.99089,0.8,12,3.77,16,0,0,23.96
"IRE","HQC6261 Toad",2025-09-03 22:00:59,2025-09-03,22:00:59,54.25142,-9.99088,2,7,3.78,17,0,0,26.82
"IRE","HQC6261 Toad",2025-09-03 12:00:32,2025-09-03,12:00:32,54.25058,-9.99114,2.5,5,3.78,21,0,0,26.96
"IRE","HQC6261 Toad",2025-09-03 10:00:59,2025-09-03,10:00:59,54.25165,-9.9914,1.1,8,3.76,20,0,0,26.57
"IRE","HQC6261 Toad",2025-09-03 06:00:59,2025-09-03,06:00:59,54.25164,-9.99148,1,8,3.75,20,0,0,22.38
"IRE","HQC6261 Toad",2025-09-03 02:00:55,2025-09-03,02:00:55,54.25165,-9.99143,0.9,10,3.75,22,0,0,25.28
"IRE","HQC6261 Toad",2025-09-02 22:00:59,2025-09-02,22:00:59,54.25167,-9.99143,1.1,9,3.76,21,0,0,24.05
"IRE","HQC6261 Toad",2025-09-02 12:00:30,2025-09-02,12:00:30,54.25245,-9.99146,2,6,3.78,34,0,0,25.56
"IRE","HQC6261 Toad",2025-09-02 10:01:00,2025-09-02,10:01:00,54.25194,-9.99183,1.3,8,3.76,27,0,0,28.06
"IRE","HQC6261 Toad",2025-09-02 06:00:59,2025-09-02,06:00:59,54.25187,-9.99155,1.6,5,3.75,21,0,0,22.49
"IRE","HQC6261 Toad",2025-09-02 02:00:59,2025-09-02,02:00:59,54.25182,-9.99149,1.2,7,3.75,26,0,0,25.42
"IRE","HQC6261 Toad",2025-09-01 22:00:59,2025-09-01,22:00:59,54.25182,-9.99147,1.9,6,3.76,24,0,0,24.06
"IRE","HQC6261 Toad",2025-09-01 12:00:27,2025-09-01,12:00:27,54.25199,-9.99097,1.2,12,3.77,30,0,0,31.61
"IRE","HQC6261 Toad",2025-09-01 10:00:55,2025-09-01,10:00:55,54.25198,-9.99118,0.6,12,3.77,24,0,0,23.5
"IRE","HQC6261 Toad",2025-09-01 06:00:59,2025-09-01,06:00:59,54.25164,-9.9915,2.3,6,3.77,20,0,0,21.79
"IRE","HQC6261 Toad",2025-09-01 02:00:59,2025-09-01,02:00:59,54.25163,-9.99152,1,8,3.77,23,0,0,24.86
"IRE","HQC6261 Toad",2025-08-31 22:00:59,2025-08-31,22:00:59,54.25163,-9.99152,1.6,5,3.77,22,0,0,24.48
"IRE","HQC6261 Toad",2025-08-31 12:01:00,2025-08-31,12:01:00,54.25192,-9.99177,2,7,3.76,24,0,0,24.23
"IRE","HQC6261 Toad",2025-08-31 10:00:59,2025-08-31,10:00:59,54.25196,-9.99179,1.3,7,3.72,26,0,0,22.46
"IRE","HQC6261 Toad",2025-08-31 06:00:59,2025-08-31,06:00:59,54.2519,-9.99168,0.9,8,3.71,25,0,0,22.44
"IRE","HQC6261 Toad",2025-08-31 02:00:59,2025-08-31,02:00:59,54.25182,-9.99163,1.5,5,3.72,24,0,0,22.6
"IRE","HQC6261 Toad",2025-08-30 22:00:59,2025-08-30,22:00:59,54.25182,-9.99162,1.6,6,3.73,25,0,0,25.29
"IRE","HQC6261 Toad",2025-08-30 12:00:31,2025-08-30,12:00:31,54.252,-9.99165,3.7,5,3.76,22,0,0,27.03
"IRE","HQC6261 Toad",2025-08-30 10:01:00,2025-08-30,10:01:00,54.25196,-9.99162,1,9,3.76,24,0,0,22.25
"IRE","HQC6261 Toad",2025-08-30 06:00:59,2025-08-30,06:00:59,54.25183,-9.99149,1.5,7,3.76,23,0,0,22.52
"IRE","HQC6261 Toad",2025-08-30 02:01:06,2025-08-30,02:01:06,54.25183,-9.99147,1.5,7,3.77,24,0,0,26.05
"IRE","HQC6261 Toad",2025-08-29 22:01:06,2025-08-29,22:01:06,54.25183,-9.99149,1.4,5,3.77,22,0,0,25.15
"IRE","HQC6261 Toad",2025-08-29 12:00:37,2025-08-29,12:00:37,54.25191,-9.99134,6.4,5,3.78,28,0,0,32.7
"IRE","HQC6261 Toad",2025-08-29 10:01:06,2025-08-29,10:01:06,54.25172,-9.99123,1.5,7,3.78,22,0,0,31.22
"IRE","HQC6261 Toad",2025-08-29 06:00:59,2025-08-29,06:00:59,54.25219,-9.99114,1.1,7,3.76,23,0,0,24.76
"IRE","HQC6261 Toad",2025-08-29 02:00:59,2025-08-29,02:00:59,54.25217,-9.99107,1.2,7,3.76,23,0,0,22.21
"IRE","HQC6261 Toad",2025-08-28 22:00:59,2025-08-28,22:00:59,54.25219,-9.99106,1.7,4,3.77,24,0,0,24.62
"IRE","HQC6261 Toad",2025-08-28 12:01:00,2025-08-28,12:01:00,54.252,-9.9913,1.1,9,3.74,23,0,0,25.16
"IRE","HQC6261 Toad",2025-08-28 10:00:59,2025-08-28,10:00:59,54.2522,-9.9913,1.4,7,3.73,25,0,0,23.5
"IRE","HQC6261 Toad",2025-08-28 06:01:11,2025-08-28,06:01:11,54.25212,-9.99133,3.5,6,3.74,25,0,0,21.53
"IRE","HQC6261 Toad",2025-08-28 02:00:59,2025-08-28,02:00:59,54.25213,-9.99121,1.6,8,3.74,23,0,0,24.76
"IRE","HQC6261 Toad",2025-08-27 22:01:12,2025-08-27,22:01:12,54.25212,-9.9912,1.3,10,3.75,24,0,0,26.12
"IRE","HQC6261 Toad",2025-08-27 12:00:29,2025-08-27,12:00:29,54.25187,-9.99126,6.4,5,3.76,36,0,307,28.09
"IRE","HQC6261 Toad",2025-08-27 10:00:59,2025-08-27,10:00:59,54.25193,-9.99132,1,10,3.74,25,0,0,34.12
"IRE","HQC6261 Toad",2025-08-27 06:00:59,2025-08-27,06:00:59,54.25212,-9.99121,1.6,7,3.69,20,0,0,21.35
"IRE","HQC6261 Toad",2025-08-27 02:01:06,2025-08-27,02:01:06,54.25211,-9.99117,1.4,8,3.7,23,0,0,22.21
"IRE","HQC6261 Toad",2025-08-26 22:00:59,2025-08-26,22:00:59,54.25211,-9.99116,1.1,11,3.71,23,0,0,23.39
"IRE","HQC6261 Toad",2025-08-26 12:00:31,2025-08-26,12:00:31,54.25201,-9.99135,2,7,3.76,40,0,0,25.21
"IRE","HQC6261 Toad",2025-08-26 10:00:55,2025-08-26,10:00:55,54.25192,-9.9914,0.9,12,3.76,23,0,0,26.09
"IRE","HQC6261 Toad",2025-08-26 06:00:59,2025-08-26,06:00:59,54.25217,-9.99132,2,6,3.76,25,0,0,24.25
"IRE","HQC6261 Toad",2025-08-26 02:00:59,2025-08-26,02:00:59,54.25211,-9.9913,1,7,3.76,26,0,0,23.25
"IRE","HQC6261 Toad",2025-08-25 22:00:55,2025-08-25,22:00:55,54.25209,-9.99133,1.7,8,3.76,24,0,0,26.49
"IRE","HQC6261 Toad",2025-08-25 12:00:56,2025-08-25,12:00:56,54.25183,-9.99101,1.4,7,3.77,22,0,246,22.93
"IRE","HQC6261 Toad",2025-08-25 10:00:59,2025-08-25,10:00:59,54.25191,-9.99106,1,9,3.77,23,0,0,24.79
"IRE","HQC6261 Toad",2025-08-25 06:00:59,2025-08-25,06:00:59,54.252,-9.99111,0.9,9,3.77,21,0,0,27.23
"IRE","HQC6261 Toad",2025-08-25 02:00:59,2025-08-25,02:00:59,54.25199,-9.99109,2.8,6,3.77,23,0,0,25.49
"IRE","HQC6261 Toad",2025-08-24 22:00:59,2025-08-24,22:00:59,54.25201,-9.9911,1.4,7,3.79,23,0,0,27.69
"IRE","HQC6261 Toad",2025-08-24 12:00:39,2025-08-24,12:00:39,54.25166,-9.99056,2.3,5,3.78,27,0,0,32.79
"IRE","HQC6261 Toad",2025-08-24 10:00:59,2025-08-24,10:00:59,54.25187,-9.99081,1.8,8,3.77,20,0,0,29.64
"IRE","HQC6261 Toad",2025-08-24 06:00:55,2025-08-24,06:00:55,54.25222,-9.99121,1.2,12,3.76,24,0,0,25.61
"IRE","HQC6261 Toad",2025-08-24 02:00:59,2025-08-24,02:00:59,54.25227,-9.99118,3,7,3.77,24,0,0,28.38
"IRE","HQC6261 Toad",2025-08-23 22:00:59,2025-08-23,22:00:59,54.25228,-9.99119,1.2,7,3.77,24,0,0,30.87
"IRE","HQC6261 Toad",2025-08-23 12:00:32,2025-08-23,12:00:32,54.25243,-9.99132,3.3,6,3.78,32,0,0,30.88
"IRE","HQC6261 Toad",2025-08-23 10:00:59,2025-08-23,10:00:59,54.2522,-9.99126,1,9,3.76,25,0,0,30.23
"IRE","HQC6261 Toad",2025-08-23 06:01:00,2025-08-23,06:01:00,54.2522,-9.99107,3.4,5,3.75,27,0,0,24.17
"IRE","HQC6261 Toad",2025-08-23 02:01:12,2025-08-23,02:01:12,54.25217,-9.99118,4.9,5,3.75,21,0,0,26.03
"IRE","HQC6261 Toad",2025-08-22 22:00:59,2025-08-22,22:00:59,54.25218,-9.99119,2,5,3.76,22,0,0,26.32
"IRE","HQC6261 Toad",2025-08-22 12:00:41,2025-08-22,12:00:41,54.25228,-9.99107,3.9,4,3.77,25,0,0,32.48
"IRE","HQC6261 Toad",2025-08-22 10:01:00,2025-08-22,10:01:00,54.25221,-9.99129,4.5,6,3.77,22,0,0,32.46
"IRE","HQC6261 Toad",2025-08-22 06:00:55,2025-08-22,06:00:55,54.25176,-9.9915,1.2,10,3.77,21,0,352,23.79
"IRE","HQC6261 Toad",2025-08-22 02:01:00,2025-08-22,02:01:00,54.25165,-9.99147,3.8,6,3.77,19,0,0,25.38
"IRE","HQC6261 Toad",2025-08-21 22:00:59,2025-08-21,22:00:59,54.25166,-9.99146,1.3,5,3.77,21,0,0,25.57
"IRE","HQC6261 Toad",2025-08-21 12:00:34,2025-08-21,12:00:34,54.25192,-9.99106,2,6,3.77,17,0,0,30.5
"IRE","HQC6261 Toad",2025-08-21 10:00:59,2025-08-21,10:00:59,54.25179,-9.99186,0.8,10,3.78,23,0,0,27.21
"IRE","HQC6261 Toad",2025-08-21 06:00:59,2025-08-21,06:00:59,54.25192,-9.99153,1.9,5,3.77,21,0,0,17.5
"IRE","HQC6261 Toad",2025-08-21 02:00:55,2025-08-21,02:00:55,54.25181,-9.99151,1.1,9,3.77,26,0,0,26.39
"IRE","HQC6261 Toad",2025-08-20 22:00:59,2025-08-20,22:00:59,54.2518,-9.99151,2,6,3.77,17,0,0,31.25
"IRE","HQC6261 Toad",2025-08-20 12:00:33,2025-08-20,12:00:33,54.25151,-9.99079,7.6,5,3.78,19,0,0,34.48
"IRE","HQC6261 Toad",2025-08-20 10:00:59,2025-08-20,10:00:59,54.25183,-9.99084,1.2,8,3.77,23,0,0,28.16
"IRE","HQC6261 Toad",2025-08-20 06:00:59,2025-08-20,06:00:59,54.2517,-9.99141,1.5,6,3.77,21,0,0,22.99
"IRE","HQC6261 Toad",2025-08-20 02:01:12,2025-08-20,02:01:12,54.25166,-9.99138,1.3,11,3.77,22,0,0,28.34
"IRE","HQC6261 Toad",2025-08-19 22:00:59,2025-08-19,22:00:59,54.25165,-9.99138,2.3,6,3.77,20,0,0,27.6
"IRE","HQC6261 Toad",2025-08-19 16:01:06,2025-08-19,16:01:06,54.25186,-9.99083,5,5,3.8,16,0,0,33.27
"IRE","HQC6261 Toad",2025-08-19 12:00:31,2025-08-19,12:00:31,54.25177,-9.991,2.3,6,3.79,18,0,0,42.84
"IRE","HQC6261 Toad",2025-08-19 10:00:59,2025-08-19,10:00:59,54.25191,-9.99089,0.8,11,3.78,21,0,0,42.41
"IRE","HQC6261 Toad",2025-08-19 06:01:12,2025-08-19,06:01:12,54.25159,-9.99128,1.2,9,3.78,19,0,337,22.72
"IRE","HQC6261 Toad",2025-08-19 02:00:59,2025-08-19,02:00:59,54.25166,-9.99138,0.9,9,3.78,22,0,0,25.93
"IRE","HQC6261 Toad",2025-08-18 22:01:06,2025-08-18,22:01:06,54.25166,-9.99138,0.9,8,3.78,22,0,0,28.27
"IRE","HQC6261 Toad",2025-08-18 12:00:36,2025-08-18,12:00:36,54.2519,-9.99137,6.9,5,3.8,34,0,0,38.46
"IRE","HQC6261 Toad",2025-08-18 10:01:12,2025-08-18,10:01:12,54.25195,-9.99183,1.4,9,3.78,26,0,0,32.1
"IRE","HQC6261 Toad",2025-08-18 06:01:00,2025-08-18,06:01:00,54.25166,-9.99123,1.2,10,3.78,20,0,0,23.62
"IRE","HQC6261 Toad",2025-08-18 02:00:59,2025-08-18,02:00:59,54.25166,-9.99138,2.6,5,3.78,23,0,0,26.21
"IRE","HQC6261 Toad",2025-08-17 22:00:31,2025-08-17,22:00:31,54.25165,-9.99139,2.5,6,3.79,24,0,0,27.39
"IRE","HQC6261 Toad",2025-08-17 20:00:59,2025-08-17,20:00:59,54.25165,-9.99138,0.9,11,3.79,21,0,0,29.5
"IRE","HQC6261 Toad",2025-08-17 16:00:59,2025-08-17,16:00:59,54.25173,-9.99117,0.8,12,3.8,18,0,0,50.07
"IRE","HQC6261 Toad",2025-08-17 12:01:00,2025-08-17,12:01:00,54.25171,-9.99079,1.4,5,3.78,18,0,0,32.97
"IRE","HQC6261 Toad",2025-08-17 10:00:59,2025-08-17,10:00:59,54.25182,-9.99088,2.2,6,3.78,21,0,0,31.74
"IRE","HQC6261 Toad",2025-08-17 06:01:06,2025-08-17,06:01:06,54.25171,-9.99121,1.5,7,3.78,21,0,333,25.22
"IRE","HQC6261 Toad",2025-08-17 02:00:59,2025-08-17,02:00:59,54.25163,-9.99139,8.4,4,3.78,15,0,0,26.55
"IRE","HQC6261 Toad",2025-08-16 22:01:00,2025-08-16,22:01:00,54.25163,-9.99137,3.4,7,3.79,24,0,0,29.47
"IRE","HQC6261 Toad",2025-08-16 20:00:59,2025-08-16,20:00:59,54.25167,-9.9914,1.1,7,3.79,23,0,0,28.58
"IRE","HQC6261 Toad",2025-08-16 16:01:00,2025-08-16,16:01:00,54.25189,-9.99089,7.8,5,3.8,20,0,0,30.16
"IRE","HQC6261 Toad",2025-08-16 12:00:40,2025-08-16,12:00:40,54.25171,-9.99085,2.2,4,3.79,16,0,0,35.92
"IRE","HQC6261 Toad",2025-08-16 10:00:59,2025-08-16,10:00:59,54.25185,-9.99093,2.4,6,3.79,19,0,0,33.96
"IRE","HQC6261 Toad",2025-08-16 06:00:55,2025-08-16,06:00:55,54.25183,-9.99144,1.3,9,3.77,28,0,0,21.27
"IRE","HQC6261 Toad",2025-08-16 02:00:59,2025-08-16,02:00:59,54.25179,-9.99151,1.7,8,3.77,22,0,0,27.97
"IRE","HQC6261 Toad",2025-08-15 22:00:59,2025-08-15,22:00:59,54.25179,-9.99151,3.2,6,3.78,22,0,0,28.58
"IRE","HQC6261 Toad",2025-08-15 12:00:46,2025-08-15,12:00:46,54.252,-9.99105,1.8,5,3.78,20,0,0,38.14
"IRE","HQC6261 Toad",2025-08-15 10:00:59,2025-08-15,10:00:59,54.25182,-9.99085,4.1,4,3.77,11,0,0,38.25
"IRE","HQC6261 Toad",2025-08-15 06:01:00,2025-08-15,06:01:00,54.25171,-9.99142,13.4,6,3.76,14,0,0,20.7
"IRE","HQC6261 Toad",2025-08-15 02:00:59,2025-08-15,02:00:59,54.25166,-9.99137,2.9,5,3.76,23,0,0,27.39
"IRE","HQC6261 Toad",2025-08-14 22:01:06,2025-08-14,22:01:06,54.25163,-9.99137,2.2,5,3.77,22,0,0,26.35
"IRE","HQC6261 Toad",2025-08-14 12:00:28,2025-08-14,12:00:28,54.25201,-9.99171,1.8,5,3.74,24,0,0,32.1
"IRE","HQC6261 Toad",2025-08-14 10:00:59,2025-08-14,10:00:59,54.2519,-9.99137,1.8,7,3.74,23,0,0,31.75
"IRE","HQC6261 Toad",2025-08-14 06:00:55,2025-08-14,06:00:55,54.25193,-9.99138,0.8,12,3.74,24,0,0,22.43
"IRE","HQC6261 Toad",2025-08-14 02:00:59,2025-08-14,02:00:59,54.2518,-9.99151,1.8,8,3.75,21,0,0,28.48
"IRE","HQC6261 Toad",2025-08-13 22:00:59,2025-08-13,22:00:59,54.2518,-9.99151,4.2,5,3.75,20,0,0,27.34
"IRE","HQC6261 Toad",2025-08-13 12:00:59,2025-08-13,12:00:59,54.25181,-9.991,1.1,9,3.75,19,0,0,35.96
"IRE","HQC6261 Toad",2025-08-13 10:00:59,2025-08-13,10:00:59,54.2518,-9.99113,1.6,6,3.74,19,0,0,41.23
"IRE","HQC6261 Toad",2025-08-13 06:00:59,2025-08-13,06:00:59,54.25172,-9.99138,2.8,5,3.73,22,0,0,24.32
"IRE","HQC6261 Toad",2025-08-13 02:00:59,2025-08-13,02:00:59,54.25165,-9.99139,1.7,8,3.74,21,0,0,28.5
"IRE","HQC6261 Toad",2025-08-12 22:00:59,2025-08-12,22:00:59,54.25167,-9.9914,3.2,8,3.75,23,0,0,28.43
"IRE","HQC6261 Toad",2025-08-12 12:00:43,2025-08-12,12:00:43,54.25166,-9.99105,1.9,4,3.76,21,0,0,39.46
"IRE","HQC6261 Toad",2025-08-12 10:00:59,2025-08-12,10:00:59,54.25182,-9.99118,1.9,6,3.76,18,0,0,33.17
"IRE","HQC6261 Toad",2025-08-12 06:00:59,2025-08-12,06:00:59,54.25179,-9.99146,2.5,6,3.73,20,0,0,24.29
"IRE","HQC6261 Toad",2025-08-12 02:00:59,2025-08-12,02:00:59,54.2518,-9.99152,1.3,8,3.73,23,0,0,32.65
"IRE","HQC6261 Toad",2025-08-11 22:00:59,2025-08-11,22:00:59,54.2518,-9.99151,1.7,7,3.74,22,0,0,28.69
"IRE","HQC6261 Toad",2025-08-11 12:00:34,2025-08-11,12:00:34,54.25186,-9.99101,1.9,6,3.7,25,0,0,31.38
"IRE","HQC6261 Toad",2025-08-11 10:01:12,2025-08-11,10:01:12,54.25177,-9.99124,1.2,11,3.69,23,0,0,32.38
"IRE","HQC6261 Toad",2025-08-11 06:00:59,2025-08-11,06:00:59,54.25169,-9.99132,1.4,8,3.69,21,0,0,23.06
"IRE","HQC6261 Toad",2025-08-11 02:00:59,2025-08-11,02:00:59,54.25166,-9.9914,2,6,3.7,20,0,0,28.81
"IRE","HQC6261 Toad",2025-08-10 22:00:59,2025-08-10,22:00:59,54.25167,-9.99138,1.5,8,3.71,19,0,0,26.35
"IRE","HQC6261 Toad",2025-08-10 12:00:29,2025-08-10,12:00:29,54.25184,-9.9913,1.4,8,3.74,37,0,0,35.03
"IRE","HQC6261 Toad",2025-08-10 10:00:59,2025-08-10,10:00:59,54.25191,-9.99131,1,11,3.73,23,0,0,27.85
"IRE","HQC6261 Toad",2025-08-10 06:00:59,2025-08-10,06:00:59,54.25194,-9.99123,2.5,7,3.74,22,0,0,23.51
"IRE","HQC6261 Toad",2025-08-10 02:00:59,2025-08-10,02:00:59,54.25194,-9.99117,1.2,7,3.77,21,0,0,26.87
"IRE","HQC6261 Toad",2025-08-09 22:01:00,2025-08-09,22:01:00,54.25193,-9.99115,1.1,9,3.77,22,0,0,26.72
"IRE","HQC6261 Toad",2025-08-09 12:01:00,2025-08-09,12:01:00,54.2518,-9.99113,1.4,10,3.78,20,0,0,32.82
"IRE","HQC6261 Toad",2025-08-09 06:01:26,2025-08-09,06:01:26,54.25199,-9.99122,1.7,10,3.74,21,0,0,20.72
"IRE","HQC6261 Toad",2025-08-09 02:00:55,2025-08-09,02:00:55,54.25211,-9.99125,0.9,12,3.75,22,0,0,22.94
"IRE","HQC6261 Toad",2025-08-08 22:00:55,2025-08-08,22:00:55,54.25214,-9.99123,0.9,12,3.76,26,0,0,25.17
"IRE","HQC6261 Toad",2025-08-08 12:00:45,2025-08-08,12:00:45,54.25199,-9.99129,2.8,6,3.72,26,0,0,32.82
"IRE","HQC6261 Toad",2025-08-08 10:01:00,2025-08-08,10:01:00,54.25192,-9.99114,3.1,9,3.75,24,0,0,23.47
"IRE","HQC6261 Toad",2025-08-08 06:00:55,2025-08-08,06:00:55,54.25194,-9.99122,1.6,12,3.74,24,0,0,20.42
"IRE","HQC6261 Toad",2025-08-08 02:01:12,2025-08-08,02:01:12,54.25192,-9.99117,1.2,12,3.75,23,0,0,26.59
"IRE","HQC6261 Toad",2025-08-07 22:00:55,2025-08-07,22:00:55,54.25191,-9.99114,1,12,3.76,24,0,0,24.33
"IRE","HQC6261 Toad",2025-08-07 12:00:30,2025-08-07,12:00:30,54.25186,-9.99136,0.9,9,3.69,27,0,0,25.46
"IRE","HQC6261 Toad",2025-08-07 11:21:41,2025-08-07,11:21:41,54.25182,-9.99142,0.8,10,3.7,27,0,0,36.55
"IRE","HQC6261 Toad",2025-08-07 09:35:35,2025-08-07,09:35:35,54.25178,-9.99141,0.8,10,3.66,28,0,0,23.55
"IRE","HQC6261 Toad",2025-08-07 08:49:41,2025-08-07,08:49:41,54.25173,-9.99143,1.7,8,3.65,25,0,0,19.42
"IRE","HQC6261 Toad",2025-08-06 19:00:29,2025-08-06,19:00:29,54.25166,-9.99156,1.2,6,3.7,20,0,0,20.57
"IRE","HQC6261 Toad",2025-08-06 18:00:59,2025-08-06,18:00:59,54.25167,-9.99148,1.6,6,3.73,21,0,0,20.35
"IRE","HQC6261 Toad",2025-08-06 17:00:27,2025-08-06,17:00:27,54.25167,-9.99144,3.8,4,3.76,11,0,0,22.71
"IRE","HQC6261 Toad",2025-08-06 16:00:27,2025-08-06,16:00:27,54.25168,-9.99137,1.6,8,3.77,16,0,0,25.3
"IRE","HQC6261 Toad",2025-08-06 15:00:27,2025-08-06,15:00:27,54.25161,-9.99126,0.9,10,3.78,19,0,0,27.13
"IRE","HQC6261 Toad",2025-08-06 14:01:00,2025-08-06,14:01:00,54.25152,-9.99122,1,10,3.82,21,0,0,30.3
"IRE","HQC6261 Toad",2025-08-06 13:00:27,2025-08-06,13:00:27,54.25208,-9.99185,0.9,10,3.82,25,0,0,20.37
"IRE","HQC6261 Toad",2025-08-06 12:00:26,2025-08-06,12:00:26,54.25203,-9.99217,0.6,12,3.81,21,0,0,31.24
"IRE","HQC6261 Toad",2025-08-06 11:00:56,2025-08-06,11:00:56,54.25204,-9.99219,0.6,12,3.82,28,0,0,34.47
"IRE","HQC6261 Toad",2025-08-06 10:00:34,2025-08-06,10:00:34,54.25207,-9.99217,3.2,6,3.82,29,0,0,23.85
"IRE","HQC6261 Toad",2025-08-06 09:01:00,2025-08-06,09:01:00,54.25202,-9.99224,1.3,8,3.86,23,0,0,20.52
"IRE","HQC6261 Toad",2025-08-06 08:00:27,2025-08-06,08:00:27,54.26604,-10.0103,2.3,4,3.86,41,0,0,22.12
"IRE","HQC6261 Toad",2025-08-06 07:00:41,2025-08-06,07:00:41,54.26605,-10.01048,3.6,5,3.86,38,0,0,17.5
"IRE","HQC6261 Toad",2025-08-06 06:00:28,2025-08-06,06:00:28,54.26608,-10.01051,2.3,6,3.87,45,0,0,14.1
"IRE","HQC6261 Toad",2025-08-06 05:00:27,2025-08-06,05:00:27,54.26605,-10.01038,2,8,3.87,57,0,0,11.02
"IRE","HQC6261 Toad",2025-08-06 04:00:59,2025-08-06,04:00:59,54.26606,-10.01052,1.5,8,3.87,45,0,0,12.38
"IRE","HQC6261 Toad",2025-08-06 03:00:43,2025-08-06,03:00:43,54.2664,-10.01119,12.9,4,3.88,20,0,0,12.97
"IRE","HQC6261 Toad",2025-08-06 02:00:31,2025-08-06,02:00:31,54.26581,-10.00998,9.7,4,3.91,123,0,0,13.32
"IRE","HQC6261 Toad",2025-08-06 01:00:41,2025-08-06,01:00:41,54.26602,-10.0105,2.7,5,3.92,46,0,0,13.37
"IRE","HQC6261 Toad",2025-08-06 00:00:30,2025-08-06,00:00:30,54.26676,-10.0112,6.5,4,3.93,19,0,0,13.61
"IRE","HQC6261 Toad",2025-08-05 23:00:25,2025-08-05,23:00:25,54.26629,-10.0106,5.3,5,3.93,12,0,0,13.53
"IRE","HQC6261 Toad",2025-08-05 22:00:55,2025-08-05,22:00:55,54.26607,-10.01049,1.1,8,3.94,46,0,0,14.64
"IRE","HQC6261 Toad",2025-08-05 21:00:28,2025-08-05,21:00:28,54.26609,-10.01054,9,3,3.95,41,0,0,14.88
"IRE","HQC6261 Toad",2025-08-05 20:00:28,2025-08-05,20:00:28,54.26606,-10.01048,1.2,7,3.96,37,0,0,17.14
"IRE","HQC6261 Toad",2025-08-05 19:00:27,2025-08-05,19:00:27,54.26604,-10.01034,1.2,8,3.96,48,0,0,20.12
"IRE","HQC6261 Toad",2025-08-05 18:00:59,2025-08-05,18:00:59,54.26607,-10.01053,1.1,9,3.97,48,0,0,23.64
"IRE","HQC6261 Toad",2025-08-05 17:00:27,2025-08-05,17:00:27,54.26591,-10.01031,2.7,6,3.97,34,0,0,27.92
"IRE","HQC6261 Toad",2025-08-05 16:00:27,2025-08-05,16:00:27,54.2526,-9.99346,1.7,9,4,7,0,0,28.21
