"country","device_id","UTC_datetime","UTC_date","UTC_time","hdop","satcount","U_bat_mV","Altitude_m","speed_km_h","direction_deg","temperature_C","datatype","altitude_raster_elevatr9","real_altitude_elevatr9","altitude_raster_elevatr10","real_altitude_elevatr10","altitude_raster_DEMEU","real_altitude_DEM_EU","cluster_id","type_mouvement","Longitude","Latitude"
"EST","201003","2020-06-17 16:39:10","2020-06-17","16:39:10",1.1,6,4.102,97,33,132,28,"GPS",91,6,90,7,91.3374176025391,5.66258239746094,0,"Large scale flight",26.668039,58.650612
"EST","201003","2020-06-17 17:09:41","2020-06-17","17:09:41",1.5,7,4.088,64,39,137,28,"GPS",62,2,63,1,63.4937057495117,0.506294250488281,0,"Large scale flight",26.706507,58.602203
"EST","201003","2020-06-17 17:39:22","2020-06-17","17:39:22",1.6,6,4.074,82,64,322,27,"GPS",88,-6,89,-7,89.1937713623047,-7.19377136230469,0,"Large scale flight",26.569706,58.690498
"EST","201003","2020-06-17 19:09:16","2020-06-17","19:09:16",1.4,7,4.03,93,21,70,27,"GPS",88,5,88,5,88.3341522216797,4.66584777832031,0,"Large scale flight",26.584503,58.684978
"EST","201003","2020-06-17 20:09:57","2020-06-17","20:09:57",1.7,8,4.007,66,76,146,28,"GPS",73,-7,73,-7,73.8845748901367,-7.88457489013672,0,"Large scale flight",26.712408,58.64917
"EST","201003","2020-09-20 18:57:02","2020-09-20","18:57:02",0.9,8,3.681,207,57,129,18,"GPS",82,125,83,124,NA,0,0,"Large scale flight",28.854212,57.401859
"EST","201003","2020-09-21 18:57:56","2020-09-21","18:57:56",4,5,3.675,228,42,155,19,"GPS",194,34,192,36,NA,0,0,"Large scale flight",31.281679,55.453754
"EST","201003","2020-09-23 18:58:02","2020-09-23","18:58:02",3.3,6,3.678,217,40,233,21,"GPS",177,40,176,41,NA,0,0,"Large scale flight",29.513712,53.671402
"FRA","241927","2024-06-22 20:11:33","2024-06-22","20:11:33",1.3,6,3.849,94,49,28,18,"GPS",17,77,17,77,17.5548877716064,76.4451122283936,0,"Large scale flight",-0.493386656045914,47.5537147521973
"FRA","241927","2024-06-23 20:11:03","2024-06-23","20:11:03",1.2,7,3.838,76,48,215,21,"GPS",71,5,71,5,72.386344909668,3.61365509033203,0,"Large scale flight",-0.641575515270233,47.2874755859375
"FRA","241927","2024-06-23 21:11:41","2024-06-23","21:11:41",1.5,8,3.835,82,37,73,21,"GPS",25,57,25,57,25.2203483581543,56.7796516418457,0,"Large scale flight",-0.556602358818054,47.4282035827637
"FRA","241927","2024-06-23 22:11:48","2024-06-23","22:11:48",1,6,3.832,74,39,56,20,"GPS",20,54,20,54,21.0387554168701,52.9612445831299,0,"Large scale flight",-0.430976003408432,47.5626602172851
"FRA","241927","2024-06-25 20:11:04","2024-06-25","20:11:04",1,8,3.83,49,44,267,25,"GPS",15,34,17,32,18.3083782196045,30.6916217803955,0,"Large scale flight",-0.646422803401947,47.3727149963379
"FRA","241927","2024-06-25 21:11:33","2024-06-25","21:11:33",1.9,5,3.83,45,37,57,25,"GPS",14,31,16,29,19.3733539581299,25.6266460418701,0,"Large scale flight",-0.602708995342255,47.416576385498
"FRA","241927","2024-07-01 20:11:33","2024-07-01","20:11:33",1.3,5,3.925,8,40,164,18,"GPS",14,-6,18,-10,22.3662300109863,-14.3662300109863,0,"Large scale flight",-0.538943350315094,47.5586738586426
"FRA","241927","2024-07-05 21:11:34","2024-07-05","21:11:34",1.3,5,3.852,22,54,26,19,"GPS",12,10,13,9,12.7028093338013,9.29719066619873,0,"Large scale flight",-0.538218855857849,47.558422088623
"EST","242720","2024-07-04 19:20:27","2024-07-04","19:20:27",1.2,8,3.951,111,41,237,23,"GPS",17,94,17,94,17.3807468414307,93.6192531585693,0,"Large scale flight",22.032825,58.318333
"EST","242720","2024-07-05 19:20:01","2024-07-05","19:20:01",1.1,7,3.904,173,78,94,21,"GPS",11,162,12,161,11.8624124526978,161.137587547302,0,"Large scale flight",22.22966,58.285419
"EST","242720","2024-07-05 20:19:59","2024-07-05","20:19:59",1.2,8,3.893,-77,71,76,22,"GPS",0,-77,0,-77,0,-77,0,"Large scale flight",23.239328,58.203976
"EST","242720","2024-07-05 20:50:01","2024-07-05","20:50:01",1.3,6,3.893,123,88,67,22,"GPS",0,123,0,123,0,123,0,"Large scale flight",23.884533,58.290901
"EST","242720","2024-07-06 19:20:02","2024-07-06","19:20:02",0.9,11,3.845,180,65,44,25,"GPS",41,139,40,140,40.929370880127,139.070629119873,0,"Large scale flight",24.167768,58.345753
"EST","242720","2024-07-06 20:20:00","2024-07-06","20:20:00",1.7,8,3.84,-61,30,117,23,"GPS",0,-61,0,-61,0,-61,0,"Large scale flight",24.465113,58.256599
"EST","242720","2024-07-07 20:20:27","2024-07-07","20:20:27",1.3,8,3.798,96,58,114,23,"GPS",11,85,11,85,11.7613248825073,84.2386751174927,0,"Large scale flight",24.713627,58.234108
"EST","242722","2025-06-14 04:26:29","2025-06-14","04:26:29",4.7,4,4.074,31,37,101,31,"GPS",70,-39,71,-40,70.9703216552734,-39.9703216552734,0,"Large scale flight",26.534605,58.683037
"EST","242722","2025-06-15 19:55:33","2025-06-15","19:55:33",0.9,11,3.923,161,48,40,19,"GPS",67,94,65,96,64.7445602416992,96.2554397583008,0,"Large scale flight",26.776325,58.839668
"EST","242722","2025-06-16 18:55:06","2025-06-16","18:55:06",1.4,7,3.87,116,38,317,20,"GPS",63,53,63,53,64.2746810913086,51.7253189086914,0,"Large scale flight",26.851505,58.935799
"EST","242722","2025-06-16 19:25:33","2025-06-16","19:25:33",0.9,9,3.867,171,50,1,20,"GPS",93,78,93,78,93.8179779052734,77.1820220947266,0,"Large scale flight",26.774214,59.095173
"EST","242722","2025-06-16 19:55:04","2025-06-16","19:55:04",0.9,9,3.864,160,27,298,19,"GPS",101,59,101,59,101.671485900879,58.3285140991211,0,"Large scale flight",26.597683,59.092731
"EST","242722","2025-06-16 20:25:13","2025-06-16","20:25:13",1.6,6,3.864,112,33,168,27,"GPS",117,-5,116,-4,115.201454162598,-3.20145416259766,0,"Large scale flight",26.548147,59.129066
"EST","242730","2024-07-10 20:57:33","2024-07-10","20:57:33",0.6,12,4.067,55,32,24,22,"GPS",5,50,5,50,4.65944766998291,50.3405523300171,0,"Large scale flight",21.924212,58.253197
"EST","242730","2024-08-24 17:27:34","2024-08-24","17:27:34",1.4,6,3.99,167,27,225,20,"GPS",61,106,61,106,61.343391418457,105.656608581543,0,"Large scale flight",21.964399,56.908585
"EST","242730","2024-08-24 17:42:34","2024-08-24","17:42:34",1.2,7,3.987,166,35,243,20,"GPS",111,55,110,56,109.896377563477,56.1036224365234,0,"Large scale flight",21.884192,56.872875
"EST","242730","2024-08-24 17:57:35","2024-08-24","17:57:35",1.2,7,3.987,101,49,262,20,"GPS",47,54,46,55,46.728328704834,54.271671295166,0,"Large scale flight",21.709524,56.852364
"EST","242730","2024-08-24 18:12:34","2024-08-24","18:12:34",1.2,7,3.985,115,55,264,19,"GPS",37,78,41,74,39.6103439331055,75.3896560668945,0,"Large scale flight",21.522068,56.821484
"EST","242730","2024-08-24 18:28:03","2024-08-24","18:28:03",0.8,10,3.985,93,51,251,19,"GPS",29,64,30,63,30.0454730987549,62.9545269012451,0,"Large scale flight",21.318239,56.780949
"EST","242730","2024-08-24 18:42:35","2024-08-24","18:42:35",1.4,8,3.976,84,48,239,19,"GPS",19,65,18,66,17.6899547576904,66.3100452423096,0,"Large scale flight",21.129032,56.740757
"EST","242730","2024-08-24 18:57:34","2024-08-24","18:57:34",1.4,8,3.976,-43,52,242,20,"GPS",0,-43,0,-43,0,-43,0,"Large scale flight",20.934029,56.690502
"EST","242730","2024-08-24 19:12:33","2024-08-24","19:12:33",1.8,6,3.976,-13,42,227,20,"GPS",0,-13,0,-13,0,-13,0,"Large scale flight",20.796047,56.624264
"EST","242730","2024-08-24 19:27:38","2024-08-24","19:27:38",2,5,3.976,0,27,181,21,"GPS",0,0,0,0,0,0,0,"Large scale flight",20.733599,56.55925
"EST","242730","2024-08-24 19:43:58","2024-08-24","19:43:58",2.8,5,3.973,-4,30,148,21,"GPS",0,-4,0,-4,0,-4,0,"Large scale flight",20.776949,56.507355
"EST","242730","2024-08-24 19:58:58","2024-08-24","19:58:58",5.7,6,3.959,-4,34,55,21,"GPS",0,-4,0,-4,0,-4,0,"Large scale flight",20.863211,56.491352
"EST","242730","2024-08-24 20:28:58","2024-08-24","20:28:58",8.8,5,3.939,36,22,183,19,"GPS",0,36,0,36,0,36,0,"Large scale flight",20.987782,56.423527
"EST","242730","2024-08-24 20:43:17","2024-08-24","20:43:17",1.9,7,3.931,49,25,128,20,"GPS",0,49,0,49,-0.382863342761993,49.382863342762,0,"Large scale flight",21.027782,56.369408
"EST","242730","2024-08-24 20:57:38","2024-08-24","20:57:38",1.7,6,3.931,103,48,21,20,"GPS",1,102,2,101,2.67487573623657,100.325124263763,0,"Large scale flight",21.095982,56.345802
"EST","242732","2025-05-21 18:46:48","2025-05-21","18:46:48",1.8,5,4.075,107,35,78,16,"GPS",49,58,48,59,47.5443801879883,59.4556198120117,0,"Large scale flight",26.30308,57.891731
"EST","242732","2025-05-21 19:02:03","2025-05-21","19:02:03",1.7,5,4.072,187,49,13,15,"GPS",70,117,68,119,68.9131240844727,118.086875915527,0,"Large scale flight",26.418051,57.937756
"EST","242732","2025-05-21 19:17:03","2025-05-21","19:17:03",1.9,6,4.069,234,35,63,15,"GPS",127,107,124,110,123.416282653809,110.583717346191,0,"Large scale flight",26.520369,57.983772
"EST","242732","2025-05-21 19:31:55","2025-05-21","19:31:55",2,6,4.069,342,37,44,14,"GPS",180,162,180,162,180.639999389648,161.360000610352,0,"Large scale flight",26.62475,58.03019
"EST","242732","2025-05-21 19:46:48","2025-05-21","19:46:48",1.8,6,4.069,195,38,76,14,"GPS",131,64,130,65,131.55110168457,63.4488983154297,0,"Large scale flight",26.76557,58.078487
"EST","242732","2025-05-21 20:02:21","2025-05-21","20:02:21",1.3,6,4.069,163,39,50,15,"GPS",81,82,82,81,83.2600021362305,79.7399978637695,0,"Large scale flight",26.918623,58.129028
"EST","242732","2025-05-21 20:16:46","2025-05-21","20:16:46",1.2,6,4.064,158,37,55,14,"GPS",66,92,66,92,66.2016143798828,91.7983856201172,0,"Large scale flight",27.05382,58.1716
"EST","242732","2025-05-21 20:31:47","2025-05-21","20:31:47",1.1,6,4.069,114,35,75,15,"GPS",40,74,41,73,41.1914253234863,72.8085746765137,0,"Large scale flight",27.183998,58.213734
"EST","242732","2025-05-21 20:46:46","2025-05-21","20:46:46",1.1,6,4.069,136,40,46,15,"GPS",60,76,59,77,59.6443557739258,76.3556442260742,0,"Large scale flight",27.31406,58.259018
"EST","242732","2025-05-21 21:16:51","2025-05-21","21:16:51",2,4,4.069,-42,40,240,16,"GPS",26,-68,27,-69,27,-69,0,"Large scale flight",27.444948,58.274433
"EST","242732","2025-05-21 21:32:17","2025-05-21","21:32:17",1.7,5,4.066,109,47,250,11,"GPS",40,69,40,69,40.0645141601562,68.9354858398438,0,"Large scale flight",27.301659,58.218235
"EST","242732","2025-05-21 21:47:03","2025-05-21","21:47:03",1.5,5,4.061,136,26,191,10,"GPS",46,90,47,89,48.7925033569336,87.2074966430664,0,"Large scale flight",27.183327,58.169724
"EST","242732","2025-05-21 22:02:33","2025-05-21","22:02:33",1.1,8,4.061,164,22,185,11,"GPS",61,103,62,102,65.5089569091797,98.4910430908203,0,"Large scale flight",27.158108,58.10907
"EST","242732","2025-06-16 21:32:51","2025-06-16","21:32:51",1.6,7,3.781,169,22,230,16,"GPS",73,96,70,99,71.4780044555664,97.5219955444336,0,"Large scale flight",25.977119,57.775436
"EST","242737","2024-05-24 18:55:02","2024-05-24","18:55:02",1.1,7,3.783,88,26,167,24,"GPS",52,36,51,37,52.4848442077637,35.5151557922363,0,"Large scale flight",26.883356,58.638657
"EST","242737","2024-05-24 19:10:02","2024-05-24","19:10:02",1.7,6,3.783,153,27,149,25,"GPS",84,69,82,71,82.0021209716797,70.9978790283203,0,"Large scale flight",26.972364,58.609333
"EST","242737","2024-05-24 19:25:02","2024-05-24","19:25:02",1.9,6,3.783,95,29,140,24,"GPS",70,25,70,25,70.0633316040039,24.9366683959961,0,"Large scale flight",27.053318,58.56649
"EST","242737","2024-05-24 19:40:33","2024-05-24","19:40:33",0.8,11,3.783,128,25,144,24,"GPS",37,91,38,90,38.0900001525879,89.9099998474121,0,"Large scale flight",27.133915,58.51371
"EST","242737","2024-05-24 19:55:01","2024-05-24","19:55:01",0.9,10,3.78,96,27,153,23,"GPS",32,64,32,64,33.0314140319824,62.9685859680176,0,"Large scale flight",27.198027,58.461586
"EST","242737","2024-05-24 20:10:00","2024-05-24","20:10:00",0.9,9,3.78,78,34,177,23,"GPS",32,46,32,46,32.060001373291,45.939998626709,0,"Large scale flight",27.219025,58.394962
"EST","242737","2024-05-24 20:25:00","2024-05-24","20:25:00",0.9,9,3.78,84,32,163,22,"GPS",32,52,31,53,32,52,0,"Large scale flight",27.215248,58.322796
"EST","242737","2024-05-24 20:40:01","2024-05-24","20:40:01",0.9,8,3.777,97,35,189,22,"GPS",44,53,42,55,44.6281242370605,52.3718757629395,0,"Large scale flight",27.206102,58.249901
"EST","242737","2024-05-24 20:55:01","2024-05-24","20:55:01",1.2,7,3.777,123,33,148,22,"GPS",39,84,39,84,40.1141624450684,82.8858375549316,0,"Large scale flight",27.247639,58.175629
"EST","242737","2024-05-24 21:10:02","2024-05-24","21:10:02",2,5,3.777,156,25,240,23,"GPS",60,96,57,99,57.6638298034668,98.3361701965332,0,"Large scale flight",27.205595,58.106457
"EST","242737","2024-05-24 21:25:02","2024-05-24","21:25:02",1.2,6,3.777,137,41,216,22,"GPS",61,76,61,76,61.9099998474121,75.0900001525879,0,"Large scale flight",27.147226,58.047104
"EST","242737","2024-05-25 18:40:01","2024-05-25","18:40:01",1,8,3.735,144,49,188,26,"GPS",87,57,88,56,88.0304718017578,55.9695281982422,0,"Large scale flight",27.030807,58.021084
"EST","242737","2024-05-25 18:55:02","2024-05-25","18:55:02",1.3,7,3.732,545,47,253,25,"GPS",92,453,92,453,92.4378204345703,452.56217956543,0,"Large scale flight",26.912922,57.951942
"EST","242737","2024-05-25 19:10:03","2024-05-25","19:10:03",1.9,6,3.729,666,51,275,23,"GPS",115,551,116,550,117.362785339355,548.637214660645,0,"Large scale flight",26.70084,57.93914
"EST","242737","2024-05-25 19:25:33","2024-05-25","19:25:33",1,8,3.729,205,53,228,23,"GPS",103,102,103,102,104.133483886719,100.866516113281,0,"Large scale flight",26.509638,57.939289
"EST","242737","2024-05-25 19:40:00","2024-05-25","19:40:00",0.9,8,3.726,134,50,239,23,"GPS",47,87,46,88,46.0617218017578,87.9382781982422,0,"Large scale flight",26.329908,57.902462
"EST","242737","2024-05-25 19:55:01","2024-05-25","19:55:01",1.1,7,3.726,163,44,255,22,"GPS",64,99,64,99,65.4108123779297,97.5891876220703,0,"Large scale flight",26.148724,57.869156
"EST","242737","2024-05-25 20:10:01","2024-05-25","20:10:01",1,6,3.726,151,48,265,21,"GPS",79,72,79,72,80.2052764892578,70.7947235107422,0,"Large scale flight",25.967833,57.82806
"EST","242737","2024-05-25 20:25:03","2024-05-25","20:25:03",1.8,5,3.726,153,51,323,22,"GPS",79,74,79,74,80.0174331665039,72.9825668334961,0,"Large scale flight",25.775713,57.867863
"EST","242737","2024-05-25 20:40:03","2024-05-25","20:40:03",1.8,5,3.726,148,51,314,21,"GPS",101,47,102,46,102.97078704834,45.0292129516602,0,"Large scale flight",25.607321,57.936211
"EST","242737","2024-05-25 20:55:06","2024-05-25","20:55:06",1.3,3,3.726,472,55,294,21,"GPS",72,400,74,398,74.3004150390625,397.699584960938,0,"Large scale flight",25.44883,57.999561
"EST","242737","2024-05-25 21:10:05","2024-05-25","21:10:05",1.3,4,3.723,134,47,296,20,"GPS",81,53,82,52,81.3173980712891,52.6826019287109,0,"Large scale flight",25.362314,58.026855
"EST","242737","2024-06-06 19:54:32","2024-06-06","19:54:32",1.3,6,3.735,445,57,73,18,"GPS",88,357,88,357,88.5433654785156,356.456634521484,0,"Large scale flight",25.924704,58.979191
"EST","242752","2024-06-30 19:33:33","2024-06-30","19:33:33",1.4,6,4.058,417,89,355,23,"GPS",86,331,85,332,85.4158935546875,331.584106445312,0,"Large scale flight",26.662891,59.064579
"EST","242752","2024-06-30 20:34:40","2024-06-30","20:34:40",5.9,5,4.055,51,44,277,20,"GPS",48,3,50,1,49.5474395751953,1.45256042480469,0,"Large scale flight",26.36541,59.546837
"EST","242752","2024-08-07 11:35:27","2024-08-07","11:35:27",1.5,7,3.837,-33,28,103,31,"GPS",74,-107,74,-107,73.7246780395508,-106.724678039551,0,"Large scale flight",26.764803,59.353981
"EST","242752","2024-08-15 19:36:05","2024-08-15","19:36:05",1.5,10,3.801,127,28,208,22,"GPS",92,35,93,34,94.1292953491211,32.8707046508789,0,"Large scale flight",26.674448,59.054352
"EST","242752","2024-08-15 20:05:24","2024-08-15","20:05:24",1.6,10,3.798,159,27,217,22,"GPS",92,67,92,67,93.6533432006836,65.3466567993164,0,"Large scale flight",26.565462,58.951878
"EST","242752","2024-08-15 20:35:23","2024-08-15","20:35:23",1.1,10,3.798,134,30,221,21,"GPS",79,55,78,56,79.6735916137695,54.3264083862305,0,"Large scale flight",26.401588,58.849819
"EST","242752","2024-09-04 18:35:27","2024-09-04","18:35:27",1.6,11,3.721,152,38,194,24,"GPS",74,78,74,78,74.8351287841797,77.1648712158203,0,"Large scale flight",25.899435,57.465038
"EST","242752","2024-09-05 18:34:47","2024-09-05","18:34:47",1.1,6,3.768,167,39,191,20,"GPS",102,65,102,65,102.107780456543,64.892219543457,0,"Large scale flight",25.397186,55.820484
"EST","242752","2024-09-06 18:34:51","2024-09-06","18:34:51",1.2,7,3.776,235,45,207,22,"GPS",172,63,173,62,NA,0,0,"Large scale flight",24.564873,52.915226
"EST","242752","2024-09-07 19:05:27","2024-09-07","19:05:27",0.9,12,3.793,285,46,189,23,"GPS",233,52,233,52,232.86051940918,52.1394805908203,0,"Large scale flight",22.98115,50.167046
"EST","242752","2024-09-17 20:07:32","2024-09-17","20:07:32",1.8,5,3.757,1326,50,175,16,"GPS",703,623,685,641,681.5146484375,644.4853515625,0,"Large scale flight",24.317636,47.466316
"FRA","373486","2025-06-28 19:53:35","2025-06-28","19:53:35",1,9,3.924,85,56,209,26,"GPS",24,61,24,61,24.3764934539795,60.6235065460205,0,"Large scale flight",-0.419255,47.535568
"FRA","373486","2025-06-28 20:13:36","2025-06-28","20:13:36",1.3,8,3.922,172,70,159,26,"GPS",33,139,33,139,32.9779052734375,139.022094726562,0,"Large scale flight",-0.325495,47.361252
"FRA","373486","2025-06-28 20:33:36","2025-06-28","20:33:36",1.1,8,3.922,211,66,147,26,"GPS",71,140,75,136,76.5258331298828,134.474166870117,0,"Large scale flight",-0.190506,47.195187
"FRA","373486","2025-06-28 20:53:36","2025-06-28","20:53:36",1,8,3.922,160,73,179,27,"GPS",57,103,56,104,55.4542999267578,104.545700073242,0,"Large scale flight",-0.065787,47.037647
"FRA","373486","2025-06-29 20:33:38","2025-06-29","20:33:38",1.4,5,3.893,121,55,248,28,"GPS",65,56,66,55,66.8798065185547,54.1201934814453,0,"Large scale flight",-0.061709,46.938236
"FRA","373486","2025-06-29 20:53:40","2025-06-29","20:53:40",1.3,5,3.893,307,58,294,28,"GPS",111,196,112,195,113.111198425293,193.888801574707,0,"Large scale flight",-0.304621,46.937523
"FRA","373486","2025-06-29 21:13:38","2025-06-29","21:13:38",1.3,4,3.893,293,67,291,28,"GPS",149,144,149,144,148.999038696289,144.000961303711,0,"Large scale flight",-0.573797,47.00494
"FRA","373486","2025-06-29 22:33:35","2025-06-29","22:33:35",1.4,5,3.887,158,49,269,26,"GPS",132,26,132,26,131.96305847168,26.0369415283203,0,"Large scale flight",-0.75886,47.060406
"FRA","373486","2025-06-30 22:34:11","2025-06-30","22:34:11",1.6,8,3.836,143,37,177,26,"GPS",121,22,121,22,121.794921875,21.205078125,0,"Large scale flight",-0.479679,46.991333
"FRA","373486","2025-07-01 00:33:36","2025-07-01","00:33:36",1.1,9,3.833,124,39,138,23,"GPS",114,10,115,9,114.326972961426,9.67302703857422,0,"Large scale flight",-0.443983,46.940056
"FRA","373486","2025-07-01 21:33:38","2025-07-01","21:33:38",1.6,5,3.836,150,58,107,28,"GPS",72,78,72,78,73.4681854248047,76.5318145751953,0,"Large scale flight",-0.034217,46.871525
"FRA","373486","2025-07-03 21:33:37","2025-07-03","21:33:37",1,7,3.845,163,45,155,23,"GPS",133,30,132,31,132.014144897461,30.9858551025391,0,"Large scale flight",0.651895,46.693283
"FRA","373486","2025-07-03 23:33:34","2025-07-03","23:33:34",1.4,8,3.842,191,52,177,21,"GPS",161,30,162,29,161.297424316406,29.7025756835938,0,"Large scale flight",0.967194,46.390285
"FRA","373486","2025-07-07 20:17:11","2025-07-07","20:17:11",0.9,8,4.078,254,47,88,19,"GPS",195,59,196,58,196.35856628418,57.6414337158203,0,"Large scale flight",1.026646,46.347832
"FRA","373486","2025-07-07 20:27:12","2025-07-07","20:27:12",1.1,7,4.078,284,40,65,19,"GPS",194,90,197,87,196.385726928711,87.6142730712891,0,"Large scale flight",1.078642,46.373009
"FRA","373486","2025-07-07 20:37:11","2025-07-07","20:37:11",1.1,7,4.078,257,31,64,19,"GPS",184,73,183,74,183.720779418945,73.2792205810547,0,"Large scale flight",1.10557,46.406136
"FRA","373486","2025-07-07 20:47:10","2025-07-07","20:47:10",1.1,7,4.075,246,28,30,19,"GPS",162,84,160,86,159.810211181641,86.1897888183594,0,"Large scale flight",1.121874,46.440937
"FRA","373486","2025-07-07 20:57:12","2025-07-07","20:57:12",1.1,7,4.075,266,30,34,19,"GPS",160,106,159,107,160.445083618164,105.554916381836,0,"Large scale flight",1.145541,46.478176
"FRA","373486","2025-07-07 21:07:12","2025-07-07","21:07:12",1.2,6,4.075,238,32,354,19,"GPS",158,80,160,78,160.965042114258,77.0349578857422,0,"Large scale flight",1.135921,46.516247
"FRA","373486","2025-07-07 21:17:13","2025-07-07","21:17:13",1.2,6,4.075,191,34,340,19,"GPS",96,95,92,99,92.9675674438477,98.0324325561523,0,"Large scale flight",1.126021,46.56263
"FRA","373486","2025-07-07 21:27:13","2025-07-07","21:27:13",1.2,5,4.075,174,35,7,19,"GPS",109,65,109,65,109.584022521973,64.4159774780273,0,"Large scale flight",1.084366,46.597977
"FRA","373486","2025-07-08 19:47:11","2025-07-08","19:47:11",1.2,7,3.99,292,21,12,22,"GPS",114,178,116,176,115.685684204102,176.314315795898,0,"Large scale flight",1.109596,46.668102
"FRA","373486","2025-07-08 20:07:12","2025-07-08","20:07:12",1.1,7,3.987,620,25,353,20,"GPS",113,507,115,505,117.267616271973,502.732383728027,0,"Large scale flight",1.077273,46.748589
"FRA","373486","2025-07-08 21:07:15","2025-07-08","21:07:15",1.8,4,3.984,757,35,1,17,"GPS",90,667,89,668,89.7153244018555,667.284675598145,0,"Large scale flight",1.115849,47.033916
"FRA","373486","2025-07-08 21:27:34","2025-07-08","21:27:34",1.6,5,3.984,203,33,322,20,"GPS",141,62,140,63,141.217575073242,61.7824249267578,0,"Large scale flight",1.10277,47.11895
"FRA","373486","2025-07-08 21:47:15","2025-07-08","21:47:15",1.5,5,3.981,213,27,335,20,"GPS",80,133,80,133,77.1978988647461,135.802101135254,0,"Large scale flight",1.062912,47.202682
"FRA","373486","2025-07-08 22:07:47","2025-07-08","22:07:47",1.4,9,3.981,194,36,313,20,"GPS",90,104,94,100,92.4744567871094,101.525543212891,0,"Large scale flight",1.069142,47.285641
"FRA","373486","2025-07-08 22:27:13","2025-07-08","22:27:13",1.9,9,3.976,146,33,326,18,"GPS",103,43,101,45,100.855583190918,45.144416809082,0,"Large scale flight",1.024915,47.360432
"FRA","373486","2025-07-08 22:47:12","2025-07-08","22:47:12",1.6,9,3.978,155,36,314,17,"GPS",103,52,103,52,103.807327270508,51.1926727294922,0,"Large scale flight",0.93196,47.442337
"FRA","373486","2025-07-08 23:07:12","2025-07-08","23:07:12",2,8,3.976,170,30,355,17,"GPS",77,93,78,92,79.9409561157227,90.0590438842773,0,"Large scale flight",0.908239,47.529434
"FRA","373486","2025-07-09 19:47:13","2025-07-09","19:47:13",1.4,5,3.964,182,21,26,23,"GPS",107,75,106,76,107.597457885742,74.4025421142578,0,"Large scale flight",0.915956,47.617638
"FRA","373486","2025-07-09 20:07:32","2025-07-09","20:07:32",1.3,7,3.961,211,22,11,23,"GPS",142,69,142,69,144.099166870117,66.9008331298828,0,"Large scale flight",0.899821,47.697102
"FRA","373486","2025-07-09 20:27:13","2025-07-09","20:27:13",1.3,7,3.956,167,36,121,21,"GPS",120,47,119,48,119.769752502441,47.2302474975586,0,"Large scale flight",0.984756,47.726833
"FRA","373486","2025-07-09 20:47:13","2025-07-09","20:47:13",1.7,6,3.953,173,21,77,22,"GPS",127,46,128,45,127.739219665527,45.2607803344727,0,"Large scale flight",1.090023,47.722286
"FRA","373486","2025-07-09 21:07:15","2025-07-09","21:07:15",2,6,3.953,168,25,57,21,"GPS",120,48,120,48,120.483825683594,47.5161743164062,0,"Large scale flight",1.193232,47.74469
"FRA","373486","2025-07-09 21:27:33","2025-07-09","21:27:33",1.9,6,3.95,162,25,52,22,"GPS",120,42,120,42,120.28279876709,41.7172012329102,0,"Large scale flight",1.301216,47.781799
"FRA","373486","2025-07-09 21:47:12","2025-07-09","21:47:12",1.8,7,3.947,183,21,71,21,"GPS",137,46,136,47,136.838134765625,46.161865234375,0,"Large scale flight",1.387837,47.831249
"FRA","373486","2025-07-09 22:07:51","2025-07-09","22:07:51",1.3,10,3.947,173,34,40,20,"GPS",126,47,127,46,127.240348815918,45.759651184082,0,"Large scale flight",1.463883,47.907467
"FRA","373486","2025-07-10 21:47:33","2025-07-10","21:47:33",1.3,7,3.967,158,22,3,22,"GPS",122,36,122,36,123.081909179688,34.9180908203125,0,"Large scale flight",1.508563,47.942234
"FRA","373486","2025-07-10 22:07:13","2025-07-10","22:07:13",1.6,6,3.961,128,39,67,19,"GPS",124,4,125,3,125.014503479004,2.98549652099609,0,"Large scale flight",1.54423,47.996799
"FRA","373486","2025-07-14 23:07:16","2025-07-14","23:07:16",1.1,7,3.93,137,47,6,24,"GPS",123,14,126,11,126.116455078125,10.883544921875,0,"Large scale flight",1.57691,48.061646
"FRA","373486","2025-07-15 20:47:15","2025-07-15","20:47:15",1,8,3.933,189,56,36,23,"GPS",132,57,133,56,133.45166015625,55.54833984375,0,"Large scale flight",1.615062,48.151012
"FRA","373487","2025-06-19 19:23:33","2025-06-19","19:23:33",1,9,3.829,98,71,271,29,"GPS",16,82,16,82,16.9980049133301,81.0019950866699,0,"Large scale flight",-0.475541,47.562813
"FRA","373487","2025-06-19 20:24:02","2025-06-19","20:24:02",1.4,7,3.837,746,71,275,27,"GPS",31,715,32,714,32.2470588684082,713.752941131592,0,"Large scale flight",-1.457625,47.62368
"FRA","373487","2025-06-19 21:23:37","2025-06-19","21:23:37",1.2,6,3.832,255,78,266,30,"GPS",86,169,85,170,84.6226348876953,170.377365112305,0,"Large scale flight",-2.432795,47.630379
"FRA","373487","2025-06-19 23:24:02","2025-06-19","23:24:02",1.2,7,3.832,432,76,333,28,"GPS",166,266,165,267,166.642944335938,265.357055664062,0,"Large scale flight",-3.295711,48.041336
"FRA","373487","2025-06-20 00:24:03","2025-06-20","00:24:03",1.2,7,3.834,346,65,357,25,"GPS",221,125,210,136,213.370422363281,132.629577636719,0,"Large scale flight",-3.174006,48.433586
"FRA","373487","2025-06-20 20:23:33","2025-06-20","20:23:33",2,6,3.807,514,33,70,29,"GPS",0,514,0,514,0,514,0,"Large scale flight",-2.912967,48.719608
"FRA","373487","2025-06-20 21:23:33","2025-06-20","21:23:33",1.2,6,3.809,75,25,120,29,"GPS",59,16,60,15,61.8268547058105,13.1731452941895,0,"Large scale flight",-2.597726,48.539791
"FRA","373487","2025-06-20 22:24:55","2025-06-20","22:24:55",3.6,5,3.809,166,26,85,29,"GPS",110,56,109,57,110.212989807129,55.7870101928711,0,"Large scale flight",-2.281244,48.431606
"FRA","373487","2025-06-21 22:24:02","2025-06-21","22:24:02",1.2,6,3.804,236,48,79,22,"GPS",104,132,98,138,97.5776443481445,138.422355651855,0,"Large scale flight",-1.195902,47.70927
"FRA","373487","2025-06-24 20:24:03","2025-06-24","20:24:03",1.4,6,3.776,193,69,97,28,"GPS",81,112,81,112,81.46875,111.53125,0,"Large scale flight",0.089245,47.521236
"FRA","373487","2025-06-24 22:24:03","2025-06-24","22:24:03",1,7,3.782,117,37,256,26,"GPS",50,67,51,66,50.6756439208984,66.3243560791016,0,"Large scale flight",-0.219764,47.583054
"FRA","373487","2025-09-09 18:06:03","2025-09-09","18:06:03",1.5,9,3.692,1285,77,189,21,"GPS",708,577,712,573,706.902160644531,578.097839355469,0,"Large scale flight",-1.527347,42.858284
"FRA","373487","2025-09-10 02:11:33","2025-09-10","02:11:33",1.2,10,3.701,1409,49,175,21,"GPS",993,416,993,416,993.516540527344,415.483459472656,0,"Large scale flight",-2.58823,38.844875
"SCOT","373489","2025-08-09 21:41:00","2025-08-09","21:41:00",1.3,6,3.964,27,56,131,15,"GPS",0,27,0,27,0,27,0,"Large scale flight",-6.614211,56.573978
"SCOT","373489","2025-08-09 23:01:00","2025-08-09","23:01:00",1.9,5,3.953,18,53,146,15,"GPS",0,18,0,18,0,18,0,"Large scale flight",-5.756701,56.155071
"SCOT","373489","2025-08-09 23:21:00","2025-08-09","23:21:00",2,7,3.956,250,53,139,13,"GPS",7,243,5,245,0,250,0,"Large scale flight",-5.576919,56.035122
"SCOT","373489","2025-08-09 23:41:00","2025-08-09","23:41:00",1.8,7,3.95,583,67,130,13,"GPS",0,583,0,583,0,583,0,"Large scale flight",-5.411277,55.92487
"SCOT","373489","2025-08-10 00:01:00","2025-08-10","00:01:00",1.4,6,3.95,317,64,121,14,"GPS",0,317,0,317,0,317,0,"Large scale flight",-5.217602,55.814301
"SCOT","373489","2025-08-10 00:21:00","2025-08-10","00:21:00",1.3,5,3.953,235,56,152,14,"GPS",0,235,0,235,0,235,0,"Large scale flight",-5.023838,55.675236
"SCOT","373489","2025-08-10 00:41:00","2025-08-10","00:41:00",1.4,6,3.947,212,48,148,14,"GPS",0,212,0,212,0,212,0,"Large scale flight",-4.880488,55.540276
"SCOT","373489","2025-08-10 01:01:00","2025-08-10","01:01:00",1.6,5,3.944,281,52,130,13,"GPS",42,239,37,244,39.616886138916,241.383113861084,0,"Large scale flight",-4.683283,55.428238
"SCOT","373489","2025-08-10 02:21:00","2025-08-10","02:21:00",1.8,7,3.938,80,48,132,15,"GPS",24,56,24,56,25.1394290924072,54.8605709075928,0,"Large scale flight",-4.831284,55.305668
"FRA","373491","2025-06-06 02:54:24","2025-06-06","02:54:24",1.5,5,3.876,29,61,79,20,"GPS",15,14,15,14,15.2177810668945,13.7822189331055,0,"Large scale flight",-0.499238,47.612537
"FRA","373491","2025-06-06 13:54:30","2025-06-06","13:54:30",1.4,6,3.952,-2,41,88,34,"GPS",16,-18,16,-18,17.2689304351807,-19.2689304351807,0,"Large scale flight",-0.499253,47.608719
"FRA","373491","2025-06-18 19:14:26","2025-06-18","19:14:26",1.5,7,3.853,31,37,322,24,"GPS",19,12,19,12,19.8945236206055,11.1054763793945,0,"Large scale flight",-0.490888,47.637554
"FRA","373491","2025-06-19 20:14:24","2025-06-19","20:14:24",1.8,5,3.828,124,31,343,27,"GPS",75,49,74,50,75.2615051269531,48.7384948730469,0,"Large scale flight",-0.703557,47.724869
"FRA","373491","2025-06-19 21:15:21","2025-06-19","21:15:21",1.3,4,3.828,114,32,144,26,"GPS",88,26,87,27,88.193115234375,25.806884765625,0,"Large scale flight",-0.560304,47.874329
"FRA","373491","2025-06-19 22:15:03","2025-06-19","22:15:03",1,8,3.825,124,26,43,25,"GPS",67,57,65,59,65.8341751098633,58.1658248901367,0,"Large scale flight",-0.396777,48.015415
"FRA","373491","2025-06-20 20:14:26","2025-06-20","20:14:26",1.1,9,3.808,106,24,126,28,"GPS",85,21,83,23,83.1266632080078,22.8733367919922,0,"Large scale flight",-0.357518,48.024067
"FRA","373491","2025-06-20 21:14:26","2025-06-20","21:14:26",1.1,8,3.808,189,41,299,27,"GPS",168,21,172,17,170.872192382812,18.1278076171875,0,"Large scale flight",-0.325866,48.17313
"FRA","373491","2025-06-21 22:14:57","2025-06-21","22:14:57",1.7,9,3.791,210,40,48,22,"GPS",187,23,190,20,190.155776977539,19.8442230224609,0,"Large scale flight",-0.22045,48.204411
"FRA","373491","2025-06-22 22:15:17","2025-06-22","22:15:17",1.8,8,3.785,252,32,218,19,"GPS",208,44,209,43,208.897354125977,43.1026458740234,0,"Large scale flight",-0.006031,48.491982
"FRA","373491","2025-06-26 21:14:24","2025-06-26","21:14:24",1.2,6,3.85,230,42,35,24,"GPS",227,3,224,6,223.10758972168,6.89241027832031,0,"Large scale flight",-0.012421,48.487835
"FRA","373491","2025-06-28 20:14:32","2025-06-28","20:14:32",1.6,5,3.85,140,41,130,23,"GPS",73,67,74,66,74.6484451293945,65.3515548706055,0,"Large scale flight",0.354479,48.264091
"FRA","373491","2025-06-29 20:14:26","2025-06-29","20:14:26",1.4,7,3.856,315,34,304,26,"GPS",134,181,143,172,141.19775390625,173.80224609375,0,"Large scale flight",0.396198,48.374393
"FRA","373491","2025-06-29 21:14:29","2025-06-29","21:14:29",0.9,6,3.856,149,29,17,23,"GPS",175,-26,177,-28,178.069931030273,-29.0699310302734,0,"Large scale flight",0.381829,48.599361
"FRA","373491","2025-06-30 22:15:33","2025-06-30","22:15:33",1.8,7,3.836,340,40,10,27,"GPS",272,68,270,70,272.135375976562,67.8646240234375,0,"Large scale flight",0.523061,48.760868
"FRA","373491","2025-07-08 20:14:51","2025-07-08","20:14:51",1.9,8,3.788,247,41,81,17,"GPS",146,101,146,101,147.227645874023,99.7723541259766,0,"Large scale flight",1.207378,48.843811
"FRA","373491","2025-07-10 20:14:25","2025-07-10","20:14:25",0.9,8,3.81,134,46,137,22,"GPS",18,116,18,116,18.7525424957275,115.247457504272,0,"Large scale flight",1.185527,49.152611
"FRA","373491","2025-07-11 20:14:24","2025-07-11","20:14:24",1,8,3.816,137,29,51,23,"GPS",149,-12,148,-11,148.59016418457,-11.5901641845703,0,"Large scale flight",1.219149,49.160397
"FRA","373492","2025-07-01 21:26:03","2025-07-01","21:26:03",0.9,8,3.829,118,39,45,22,"GPS",50,68,50,68,48.408504486084,69.591495513916,0,"Large scale flight",-0.646612,47.55603
"FRA","373492","2025-07-01 22:26:03","2025-07-01","22:26:03",2,6,3.832,100,35,36,22,"GPS",51,49,50,50,50.4240570068359,49.5759429931641,0,"Large scale flight",-0.368692,47.802475
"FRA","373492","2025-07-02 21:25:48","2025-07-02","21:25:48",1.4,7,3.926,187,64,191,18,"GPS",29,158,31,156,30.5129089355469,156.487091064453,0,"Large scale flight",-0.360635,47.647942
"FRA","373492","2025-07-02 21:46:03","2025-07-02","21:46:03",0.9,7,3.929,57,31,305,18,"GPS",18,39,18,39,19.2175102233887,37.7824897766113,0,"Large scale flight",-0.396871,47.629738
"FRA","373492","2025-07-09 20:06:05","2025-07-09","20:06:05",1.1,6,3.979,73,49,196,22,"GPS",30,43,31,42,31.307788848877,41.692211151123,0,"Large scale flight",-0.40214,47.597515
"FRA","373494","2025-05-17 02:42:55","2025-05-17","02:42:55",1.6,4,3.954,65,99,94,20,"GPS",13,52,13,52,12,53,0,"Large scale flight",-0.508104,47.57486
"FRA","373494","2025-06-22 20:03:47","2025-06-22","20:03:47",1.5,9,3.796,175,53,118,22,"GPS",31,144,31,144,32.9569091796875,142.043090820312,0,"Large scale flight",-0.047195,47.395542
"FRA","373494","2025-06-23 20:03:32","2025-06-23","20:03:32",1.2,7,3.824,408,47,161,23,"GPS",270,138,269,139,270.606475830078,137.393524169922,0,"Large scale flight",1.368509,46.359119
"FRA","373494","2025-06-23 21:03:15","2025-06-23","21:03:15",1.7,7,3.833,806,58,137,21,"GPS",504,302,506,300,507.327178955078,298.672821044922,0,"Large scale flight",1.850774,45.982697
"FRA","373494","2025-08-14 18:36:44","2025-08-14","18:36:44",1.3,5,3.824,947,69,217,29,"GPS",782,165,780,167,778.048767089844,168.951232910156,0,"Large scale flight",1.980316,45.679092
"FRA","373494","2025-08-14 19:37:02","2025-08-14","19:37:02",1.6,7,3.824,576,50,168,31,"GPS",282,294,281,295,276.636871337891,299.363128662109,0,"Large scale flight",1.609248,45.21777
"FRA","373494","2025-08-14 20:36:43","2025-08-14","20:36:43",1.2,6,3.819,509,57,194,32,"GPS",358,151,357,152,357.362762451172,151.637237548828,0,"Large scale flight",1.593646,44.715935
"FRA","373494","2025-08-14 21:37:03","2025-08-14","21:37:03",1.2,7,3.819,349,62,227,32,"GPS",171,178,167,182,167.311508178711,181.688491821289,0,"Large scale flight",1.36911,44.23925
"FRA","373494","2025-08-14 22:37:03","2025-08-14","22:37:03",2,7,3.819,267,49,250,33,"GPS",204,63,205,62,205.944564819336,61.0554351806641,0,"Large scale flight",1.006898,43.935814
"FRA","373494","2025-08-14 23:37:03","2025-08-14","23:37:03",1,8,3.816,278,59,284,32,"GPS",191,87,193,85,193.158569335938,84.8414306640625,0,"Large scale flight",0.491646,43.841377
"FRA","373494","2025-09-11 17:13:03","2025-09-11","17:13:03",0.8,11,3.687,353,80,249,27,"GPS",76,277,78,275,78.7294769287109,274.270523071289,0,"Large scale flight",1.349064,41.15118
"FRA","373495","2025-06-22 01:00:09","2025-06-22","01:00:09",1.5,7,3.844,-1,39,292,27,"GPS",14,-15,12,-13,12.902473449707,-13.902473449707,0,"Large scale flight",-0.459163,47.568615
"FRA","373495","2025-06-23 20:00:33","2025-06-23","20:00:33",1.2,6,3.835,135,29,254,23,"GPS",40,95,41,94,40.9275703430176,94.0724296569824,0,"Large scale flight",-0.531666,47.476032
"FRA","373495","2025-06-23 21:00:10","2025-06-23","21:00:10",1.4,4,3.841,49,29,307,20,"GPS",38,11,39,10,39.3151817321777,9.68481826782227,0,"Large scale flight",-0.507928,47.687744
"FRA","373495","2025-06-23 22:00:33","2025-06-23","22:00:33",0.8,9,3.838,96,42,43,20,"GPS",49,47,46,50,46.1043128967285,49.8956871032715,0,"Large scale flight",-0.366939,47.794113
"FRA","373495","2025-06-26 21:00:13","2025-06-26","21:00:13",1.4,4,3.847,10,24,141,26,"GPS",17,-7,17,-7,17.0834789276123,-7.0834789276123,0,"Large scale flight",-0.400584,47.567841
"FRA","373495","2025-06-27 20:00:33","2025-06-27","20:00:33",1.3,7,3.835,141,32,359,26,"GPS",91,50,92,49,91.9659729003906,49.0340270996094,0,"Large scale flight",-0.032235,47.735764
"FRA","373495","2025-06-27 21:00:12","2025-06-27","21:00:12",1.1,6,3.835,747,48,323,22,"GPS",73,674,72,675,73.8213806152344,673.178619384766,0,"Large scale flight",-0.306034,47.997494
"FRA","373495","2025-06-27 22:00:12","2025-06-27","22:00:12",1.8,4,3.838,148,44,298,23,"GPS",104,44,104,44,103.037322998047,44.9626770019531,0,"Large scale flight",-0.640273,48.257538
"FRA","373495","2025-06-28 20:00:10","2025-06-28","20:00:10",1.9,5,3.832,411,43,250,23,"GPS",130,281,130,281,131.976623535156,279.023376464844,0,"Large scale flight",-1.065328,48.331429
"FRA","373495","2025-06-28 21:00:17","2025-06-28","21:00:17",1.3,4,3.838,211,50,255,22,"GPS",85,126,86,125,86.5240249633789,124.475975036621,0,"Large scale flight",-1.68004,48.225449
"FRA","373495","2025-06-29 20:00:33","2025-06-29","20:00:33",1.5,7,3.83,559,36,350,26,"GPS",74,485,77,482,76.8016052246094,482.198394775391,0,"Large scale flight",-1.76908,48.302856
"FRA","373495","2025-06-29 22:00:57","2025-06-29","22:00:57",1.8,6,3.835,111,38,133,20,"GPS",73,38,76,35,74.9281463623047,36.0718536376953,0,"Large scale flight",-1.052266,49.088146
"FRA","373495","2025-07-02 20:00:12","2025-07-02","20:00:12",1.5,4,3.832,224,86,135,20,"GPS",16,208,17,207,16.9519462585449,207.048053741455,0,"Large scale flight",-0.242844,49.158455
"FRA","373495","2025-07-02 21:00:33","2025-07-02","21:00:33",1.4,4,3.841,333,58,197,20,"GPS",265,68,269,64,270.431274414062,62.5687255859375,0,"Large scale flight",0.025101,48.607864
"FRA","373495","2025-07-02 22:00:47","2025-07-02","22:00:47",1.7,8,3.838,209,48,94,21,"GPS",108,101,107,102,108.862747192383,100.137252807617,0,"Large scale flight",0.048384,48.043995
"FRA","373495","2025-07-02 23:00:47","2025-07-02","23:00:47",1.6,10,3.838,130,34,324,20,"GPS",78,52,79,51,79.1553726196289,50.8446273803711,0,"Large scale flight",0.451607,48.268471
"FRA","373495","2025-07-03 20:00:09","2025-07-03","20:00:09",1.1,7,3.835,329,23,315,20,"GPS",138,191,137,192,135.330993652344,193.669006347656,0,"Large scale flight",0.43581,48.381653
"FRA","373495","2025-07-03 21:00:26","2025-07-03","21:00:26",1.6,6,3.847,238,27,306,18,"GPS",217,21,220,18,222.424880981445,15.5751190185547,0,"Large scale flight",0.271298,48.605499
"FRA","373495","2025-07-04 20:00:12","2025-07-04","20:00:12",1.4,5,3.861,124,49,325,19,"GPS",88,36,88,36,88.7063674926758,35.2936325073242,0,"Large scale flight",-0.022677,48.929104
"FRA","373495","2025-07-09 20:00:51","2025-07-09","20:00:51",1.5,7,3.886,443,63,191,20,"GPS",192,251,191,252,192.4287109375,250.5712890625,0,"Large scale flight",-0.591856,48.749847
"FRA","373495","2025-07-09 21:00:13","2025-07-09","21:00:13",1.3,6,3.883,254,66,182,20,"GPS",112,142,112,142,112.447242736816,141.552757263184,0,"Large scale flight",-0.578989,48.181015
"FRA","373495","2025-07-09 22:00:32","2025-07-09","22:00:32",1.2,7,3.88,147,72,198,23,"GPS",28,119,31,116,30.1849918365479,116.815008163452,0,"Large scale flight",-0.5989,47.594635
"FRA","373495","2025-07-09 23:00:13","2025-07-09","23:00:13",1.3,6,3.878,238,64,258,22,"GPS",103,135,103,135,104.536575317383,133.463424682617,0,"Large scale flight",-1.132584,47.263206
"FRA","373495","2025-07-10 00:00:57","2025-07-10","00:00:57",1.8,5,3.88,71,59,272,21,"GPS",7,64,7,64,8.150315284729,62.849684715271,0,"Large scale flight",-1.77262,47.250175
"FRA","373495","2025-07-10 20:00:34","2025-07-10","20:00:34",1.5,6,3.863,-3,46,232,25,"GPS",10,-13,8,-11,8.09846305847168,-11.0984630584717,0,"Large scale flight",-1.935519,47.262203
"IRE","HQC6259 Button","2025-09-03 22:00:55","2025-09-03","22:00:55",0.7,12,3.67,222,60,120,14.14,"GPS",5,217,4,218,4.5,217.5,0,"Large scale flight",-9.22225,54.05734
"IRE","HQC6259 Button","2025-09-11 22:01:21","2025-09-11","22:01:21",1,12,3.65,58,55.1,142,14.42,"GPS",0,58,0,58,0,58,0,"Large scale flight",-5.43331,52.63004
"IRE","HQC6259 Button","2025-09-12 22:00:59","2025-09-12","22:00:59",1.3,9,3.68,94,38.2,154,14.32,"GPS",5,89,5,89,5.22773408889771,88.7722659111023,0,"Large scale flight",-2.94986,51.22752
"IRE","HQC6259 Button","2025-10-04 22:00:55","2025-10-04","22:00:55",0.8,12,3.65,644,86.5,143,10.13,"GPS",147,497,150,494,150.439025878906,493.560974121094,0,"Large scale flight",-0.49301,49.04329
"IRE","HQC6259 Button","2025-10-05 02:00:55","2025-10-05","02:00:55",0.6,12,3.61,334,35.5,177,11.14,"GPS",132,202,132,202,132.643798828125,201.356201171875,0,"Large scale flight",1.25522,46.5977
"IRE","HQC6259 Button","2025-10-05 22:00:55","2025-10-05","22:00:55",0.8,12,3.69,478,77.8,181,12.96,"GPS",84,394,84,394,85.7155532836914,392.284446716309,0,"Large scale flight",0.94995,44.47071
"IRE","HQC6261 Toad","2025-09-15 22:00:55","2025-09-15","22:00:55",0.8,12,3.67,690,98.8,124,10.96,"GPS",62,628,62,628,62.8602867126465,627.139713287354,0,"Large scale flight",-8.17666,53.19598
"IRE","HQC6261 Toad","2025-09-16 22:00:55","2025-09-16","22:00:55",0.8,12,3.65,140,38.3,166,14.76,"GPS",70,70,69,71,70.7560501098633,69.2439498901367,0,"Large scale flight",-3.38425,50.71085
"IRE","HQC6261 Toad","2025-09-19 22:00:55","2025-09-19","22:00:55",1.1,12,3.68,119,64.9,87,18.51,"GPS",0,119,0,119,0,119,0,"Large scale flight",-2.37535,50.42649
"IRE","HQC6261 Toad","2025-09-20 02:00:55","2025-09-20","02:00:55",0.7,12,3.67,211,53,138,20.53,"GPS",0,211,0,211,0,211,0,"Large scale flight",1.31215,50.54375
"IRE","HQC6261 Toad","2025-09-23 02:00:55","2025-09-23","02:00:55",0.7,12,3.68,211,69.1,142,10.17,"GPS",142,69,142,69,143.35954284668,67.6404571533203,0,"Large scale flight",2.2857,47.12735
